n,rand_merge,rand_h5,rand_h10,rand_h15,rand_h20,rand_h30,rand_h50,rev_merge,rev_h5,rev_h10,rev_h15,rev_h20,rev_h30,rev_h50,almost_merge,almost_h5,almost_h10,almost_h15,almost_h20,almost_h30,almost_h50
500,0,0,0,0,0,0,0,0,0,0,0,0,0,0,0,0,0,0,0,0,0
600,0,0,0,0,0,0,0,0,0,0,0,0,0,0,0,0,0,0,0,0,0
700,0,0,0,0,0,0,0,0,0,0,0,0,0,0,0,0,0,0,0,0,0
800,0,0,0,0,0,0,0,0,0,0,0,0,0,0,0,0,0,0,0,0,0
900,0,0,0,0,0,0,0,0,0,0,0,0,0,0,0,0,0,0,0,0,0
1000,0,0,0,0,0,0,0,0,0,0,0,0,0,0,0,0,0,0,0,0,0
1100,0,0,0,0,0,0,0,0,0,0,0,0,0,0,0,0,0,0,0,0,0
1200,0,0,0,0,0,0,0,0,0,0,0,0,0,0,0,0,0,0,0,0,0
1300,0,0,0,0,0,0,0,0,0,0,0,0,0,0,0,0,0,0,0,0,0
1400,0,0,0,0,0,0,0,0,0,0,0,0,0,0,0,0,0,0,0,0,0
1500,0,0,0,0,0,0,0,0,0,0,0,0,0,0,0,0,0,0,0,0,0
1600,0,0,0,0,0,0,0,0,0,0,0,0,0,0,0,0,0,0,0,0,0
1700,0,0,0,0,0,0,0,0,0,0,0,0,0,0,0,0,0,0,0,0,0
1800,0,0,0,0,0,0,0,0,0,0,0,0,0,0,0,0,0,0,0,0,0
1900,0,0,0,0,0,0,0,0,0,0,0,0,0,0,0,0,0,0,0,0,0
2000,0,0,0,0,0,0,0,0,0,0,0,0,0,0,0,0,0,0,0,0,0
2100,0,0,0,0,0,0,0,0,0,0,0,0,0,0,0,0,0,0,0,0,0
2200,0,0,0,0,0,0,0,0,0,0,0,0,0,0,0,0,0,0,0,0,0
2300,0,0,0,0,0,0,0,0,0,0,0,0,0,0,0,0,0,0,0,0,0
2400,0,0,0,0,0,0,0,0,0,0,0,0,0,0,0,0,0,0,0,0,0
2500,0,0,0,0,0,0,0,0,0,0,0,0,0,0,0,0,0,0,0,0,0
2600,0,0,0,0,0,0,0,0,0,0,0,0,0,0,0,0,0,0,0,0,0
2700,0,0,0,0,0,0,0,0,0,0,0,0,0,0,0,0,0,0,0,0,0
2800,0,0,0,0,0,0,0,0,0,0,0,0,0,0,0,0,0,0,0,0,0
2900,0,0,0,0,0,0,0,0,0,0,0,0,0,0,0,0,0,0,0,0,0
3000,0,0,0,0,0,0,0,0,0,0,0,0,0,0,0,0,0,0,0,0,0
3100,0,0,0,0,0,0,0,0,0,0,0,0,0,0,0,0,0,0,0,0,0
3200,0,0,0,0,0,0,0,0,0,0,0,0,0,0,0,0,0,0,0,0,0
3300,0,0,0,0,0,0,0,0,0,0,0,0,0,0,0,0,0,0,0,0,0
3400,0,0,0,0,0,0,0,0,0,0,0,0,0,0,0,0,0,0,0,0,0
3500,0,0,0,0,0,0,0,0,0,0,0,0,0,0,0,0,0,0,0,0,0
3600,0,0,0,0,0,0,0,0,0,0,0,0,0,0,0,0,0,0,0,0,0
3700,0,0,0,0,0,0,0,0,0,0,0,0,0,0,0,0,0,0,0,0,0
3800,0,0,0,0,0,0,0,0,0,0,0,0,0,0,0,0,0,0,0,0,0
3900,0,0,0,0,0,0,0,0,0,0,0,0,0,0,0,0,0,0,0,0,0
4000,0,0,0,0,0,0,0,0,0,0,0,0,0,0,0,0,0,0,0,0,0
4100,0,0,0,0,0,0,0,0,0,0,0,0,0,0,0,0,0,0,0,0,0
4200,0,0,0,0,0,0,0,0,0,0,0,0,0,0,0,0,0,0,0,0,0
4300,0,0,0,0,0,0,0,0,0,0,0,0,0,0,0,0,0,0,0,0,0
4400,0,0,0,0,0,0,0,0,0,0,0,0,0,0,0,0,0,0,0,0,0
4500,0,0,0,0,0,0,0,0,0,0,0,0,0,0,0,0,0,0,0,0,0
4600,0,0,0,0,0,0,0,0,0,0,0,0,0,0,0,0,0,0,0,0,0
4700,0,0,0,0,0,0,0,0,0,0,0,0,0,0,0,0,0,0,0,0,0
4800,0,0,0,0,0,0,0,0,0,0,0,0,0,0,0,0,0,0,0,0,0
4900,0,0,0,0,0,0,0,0,0,0,0,0,0,0,0,0,0,0,0,0,0
5000,0,0,0,0,0,0,0,0,0,0,0,0,0,0,0,0,0,0,0,0,0
5100,0,0,0,0,0,0,0,0,0,0,0,0,0,0,0,0,0,0,0,0,0
5200,0,0,0,0,0,0,0,0,0,0,0,0,0,0,0,0,0,0,0,0,0
5300,0,0,0,0,0,0,0,0,0,0,0,0,0,0,0,0,0,0,0,0,0
5400,0,0,0,0,0,0,0,0,0,0,0,0,0,0,0,0,0,0,0,0,0
5500,0,0,0,0,0,0,0,0,0,0,0,0,0,0,0,0,0,0,0,0,0
5600,0,0,0,0,0,0,0,0,0,0,0,0,0,0,0,0,0,0,0,0,0
5700,0,0,0,0,0,0,0,0,0,0,0,0,0,0,0,0,0,0,0,0,0
5800,0,0,0,0,0,0,0,0,0,0,0,0,0,0,0,0,0,0,0,0,0
5900,0,0,0,0,0,0,0,0,0,0,0,0,0,0,0,0,0,0,0,0,0
6000,0,0,0,0,0,0,0,0,0,0,0,0,0,0,0,0,0,0,0,0,0
6100,0,0,0,0,0,0,0,0,0,0,0,0,0,0,0,0,0,0,0,0,0
6200,0,0,0,0,0,0,0,0,0,0,0,0,0,0,0,0,0,0,0,0,0
6300,0,0,0,0,0,0,0,0,0,0,0,0,0,0,0,0,0,0,0,0,0
6400,0,0,0,0,0,0,0,0,0,0,0,0,0,0,0,0,0,0,0,0,0
6500,0,0,0,0,0,0,0,0,0,0,0,0,0,0,0,0,0,0,0,0,0
6600,0,0,0,0,0,0,0,0,0,0,0,0,0,0,0,0,0,0,0,0,0
6700,0,0,0,0,0,0,0,0,0,0,0,0,0,0,0,0,0,0,0,0,0
6800,0,0,0,0,0,0,0,0,0,0,0,0,0,0,0,0,0,0,0,0,0
6900,0,0,0,0,0,0,0,0,0,0,0,0,0,0,0,0,0,0,0,0,0
7000,0,0,0,0,0,0,0,0,0,0,0,0,0,0,0,0,0,0,0,0,0
7100,0,0,0,0,0,0,0,0,0,0,0,0,0,0,0,0,0,0,0,0,0
7200,0,0,0,0,0,0,0,0,0,0,0,0,0,0,0,0,0,0,0,0,0
7300,0,0,0,0,0,0,0,0,0,0,0,0,0,0,0,0,0,0,0,0,0
7400,0,0,0,0,0,0,0,0,0,0,0,0,0,0,0,0,0,0,0,0,0
7500,0,0,0,0,0,0,0,0,0,0,0,0,0,0,0,0,0,0,0,0,0
7600,0,0,0,0,0,0,0,0,0,0,0,0,0,0,0,0,0,0,0,0,0
7700,0,0,0,0,0,0,0,0,0,0,0,0,0,0,0,0,0,0,0,0,0
7800,0,0,0,0,0,0,0,0,0,0,0,0,0,0,0,0,0,0,0,0,0
7900,0,0,0,0,0,0,0,0,0,0,0,0,0,0,0,0,0,0,0,0,0
8000,0,0,0,0,0,0,0,0,0,0,0,0,0,0,0,0,0,0,0,0,0
8100,0,0,0,0,0,0,0,0,0,0,0,0,0,0,0,0,0,0,0,0,0
8200,0,0,0,0,0,0,0,0,0,0,0,0,0,0,0,0,0,0,0,0,0
8300,0,0,0,0,0,0,0,0,0,0,0,0,0,0,0,0,0,0,0,0,0
8400,0,0,0,0,0,0,0,0,0,0,0,0,0,0,0,0,0,0,0,0,0
8500,0,0,0,0,0,0,0,0,0,0,0,0,0,0,0,0,0,0,0,0,0
8600,0,0,0,0,0,0,0,0,0,0,0,0,0,0,0,0,0,0,0,0,0
8700,0,0,0,0,0,0,0,0,0,0,0,0,0,0,0,0,0,0,0,0,0
8800,0,0,0,0,0,0,0,0,0,0,0,0,0,0,0,0,0,0,0,0,0
8900,0,0,0,0,0,0,0,0,0,0,0,0,0,0,0,0,0,0,0,0,0
9000,0,0,0,0,0,0,0,0,0,0,0,0,0,0,0,0,0,0,0,0,0
9100,0,0,0,0,0,0,0,0,0,0,0,0,0,0,0,0,0,0,0,0,0
9200,0,0,0,0,0,0,0,0,0,0,0,0,0,0,0,0,0,0,0,0,0
9300,0,0,0,0,0,0,0,0,0,0,0,0,0,0,0,0,0,0,0,0,0
9400,0,0,0,0,0,0,0,0,0,0,0,0,0,0,0,0,0,0,0,0,0
9500,0,0,0,0,0,0,0,0,0,0,0,0,0,0,0,0,0,0,0,0,0
9600,0,0,0,0,0,0,0,0,0,0,0,0,0,0,0,0,0,0,0,0,0
9700,0,0,0,0,0,0,0,0,0,0,0,0,0,0,0,0,0,0,0,0,0
9800,0,0,0,0,0,0,0,0,0,0,0,0,0,0,0,0,0,0,0,0,0
9900,0,0,0,0,0,0,0,0,0,0,0,0,0,0,0,0,0,0,0,0,0
10000,0,0,0,0,0,0,0,0,0,0,0,0,0,0,0,0,0,0,0,0,0
10100,0,0,0,0,0,0,0,0,0,0,0,0,0,0,0,0,0,0,0,0,0
10200,0,0,0,0,0,0,0,0,0,0,0,0,0,0,0,0,0,0,0,0,0
10300,0,0,0,0,0,0,0,0,0,0,0,0,0,0,0,0,0,0,0,0,0
10400,0,0,0,0,0,0,0,0,0,0,0,0,0,0,0,0,0,0,0,0,0
10500,0,0,0,0,0,0,0,0,0,0,0,0,0,0,0,0,0,0,0,0,0
10600,0,0,0,0,0,0,0,0,0,0,0,0,0,0,0,0,0,0,0,0,0
10700,0,0,0,0,0,0,0,0,0,0,0,0,0,0,0,0,0,0,0,0,0
10800,0,0,0,0,0,0,0,0,0,0,0,0,0,0,0,0,0,0,0,0,0
10900,0,0,0,0,0,0,0,0,0,0,0,0,0,0,0,0,0,0,0,0,0
11000,0,0,0,0,0,0,0,0,0,0,0,0,0,0,0,0,0,0,0,0,0
11100,0,0,0,0,0,0,0,0,0,0,0,0,0,0,0,0,0,0,0,0,0
11200,0,0,0,0,0,0,0,0,0,0,0,0,0,0,0,0,0,0,0,0,0
11300,0,0,0,0,0,0,0,0,0,0,0,0,0,0,0,0,0,0,0,0,0
11400,0,0,0,0,0,0,0,0,0,0,0,0,0,0,0,0,0,0,0,0,0
11500,0,0,0,0,0,0,0,0,0,0,0,0,0,0,0,0,0,0,0,0,0
11600,0,0,0,0,0,0,0,0,0,0,0,0,0,0,0,0,0,0,0,0,0
11700,0,0,0,0,0,0,0,0,0,0,0,0,0,0,0,0,0,0,0,0,0
11800,0,0,0,0,0,0,0,0,0,0,0,0,0,0,0,0,0,0,0,0,0
11900,0,0,0,0,0,0,0,0,0,0,0,0,0,0,0,0,0,0,0,0,0
12000,0,0,0,0,0,0,0,0,0,0,0,0,0,0,0,0,0,0,0,0,0
12100,0,0,0,0,0,0,0,0,0,0,0,0,0,0,0,0,0,0,0,0,0
12200,0,0,0,0,0,0,0,0,0,0,0,0,0,0,0,0,0,0,0,0,0
12300,0,0,0,0,0,0,0,0,0,0,0,0,0,0,0,0,0,0,0,0,0
12400,0,0,0,0,0,0,0,0,0,0,0,0,0,0,0,0,0,0,0,0,0
12500,0,0,0,0,0,0,0,0,0,0,0,0,0,0,0,0,0,0,0,0,0
12600,0,0,0,0,0,0,0,0,0,0,0,0,0,0,0,0,0,0,0,0,0
12700,0,0,0,0,0,0,0,0,0,0,0,0,0,0,0,0,0,0,0,0,0
12800,0,0,0,0,0,0,0,0,0,0,0,0,0,0,0,0,0,0,0,0,0
12900,0,0,0,0,0,0,0,0,0,0,0,0,0,0,0,0,0,0,0,0,0
13000,0,0,0,0,0,0,0,0,0,0,0,0,0,0,0,0,0,0,0,0,0
13100,0,0,0,0,0,0,0,0,0,0,0,0,0,0,0,0,0,0,0,0,0
13200,0,0,0,0,0,0,0,0,0,0,0,0,0,0,0,0,0,0,0,0,0
13300,0,0,0,0,0,0,0,0,0,0,0,0,0,0,0,0,0,0,0,0,0
13400,0,0,0,0,0,0,0,0,0,0,0,0,0,0,0,0,0,0,0,0,0
13500,0,0,0,0,0,0,0,0,0,0,0,0,0,0,0,0,0,0,0,0,0
13600,0,0,0,0,0,0,0,0,0,0,0,0,0,0,0,0,0,0,0,0,0
13700,0,0,0,0,0,0,0,0,0,0,0,0,0,0,0,0,0,0,0,0,0
13800,0,0,0,0,0,0,0,0,0,0,0,0,0,0,0,0,0,0,0,0,0
13900,0,0,0,0,0,0,0,0,0,0,0,0,0,0,0,0,0,0,0,0,0
14000,0,0,0,0,0,0,0,0,0,0,0,0,0,0,0,0,0,0,0,0,0
14100,0,0,0,0,0,0,0,0,0,0,0,0,0,0,0,0,0,0,0,0,0
14200,0,0,0,0,0,0,0,0,0,0,0,0,0,0,0,0,0,0,0,0,0
14300,0,0,0,0,0,0,0,0,0,0,0,0,0,0,0,0,0,0,0,0,0
14400,0,0,0,0,0,0,0,0,0,0,0,0,0,0,0,0,0,0,0,0,0
14500,0,0,0,0,0,0,0,0,0,0,0,0,0,0,0,0,0,0,0,0,0
14600,0,0,0,0,0,0,0,0,0,0,0,0,0,0,0,0,0,0,0,0,0
14700,0,0,0,0,0,0,0,0,0,0,0,0,0,0,0,0,0,0,0,0,0
14800,0,0,0,0,0,0,0,0,0,0,0,0,0,0,0,0,0,0,0,0,0
14900,0,0,0,0,0,0,0,0,0,0,0,0,0,0,0,0,0,0,0,0,0
15000,0,0,0,0,0,0,0,0,0,0,0,0,0,0,0,0,0,0,0,0,0
15100,0,0,0,0,0,0,0,0,0,0,0,0,0,0,0,0,0,0,0,0,0
15200,0,0,0,0,0,0,0,0,0,0,0,0,0,0,0,0,0,0,0,0,0
15300,0,0,0,0,0,0,0,0,0,0,0,0,0,0,0,0,0,0,0,0,0
15400,0,0,0,0,0,0,0,0,0,0,0,0,0,0,0,0,0,0,0,0,0
15500,0,0,0,0,0,0,0,0,0,0,0,0,0,0,0,0,0,0,0,0,0
15600,0,0,0,0,0,0,0,0,0,0,0,0,0,0,0,0,0,0,0,0,0
15700,0,0,0,0,0,0,0,0,0,0,0,0,0,0,0,0,0,0,0,0,0
15800,0,0,0,0,0,0,0,0,0,0,0,0,0,0,0,0,0,0,0,0,0
15900,0,0,0,0,0,0,0,0,0,0,0,0,0,0,0,0,0,0,0,0,0
16000,0,0,0,0,0,0,0,0,0,0,0,0,0,0,0,0,0,0,0,0,0
16100,0,0,0,0,0,0,0,0,0,0,0,0,0,0,0,0,0,0,0,0,0
16200,0,0,0,0,0,0,0,0,0,0,0,0,0,0,0,0,0,0,0,0,0
16300,0,0,0,0,0,0,0,0,0,0,0,0,0,0,0,0,0,0,0,0,0
16400,0,0,0,0,0,0,0,0,0,0,0,0,0,0,0,0,0,0,0,0,0
16500,0,0,0,0,0,0,0,0,0,0,0,0,0,0,0,0,0,0,0,0,0
16600,0,0,0,0,0,0,0,0,0,0,0,0,0,0,0,0,0,0,0,0,0
16700,0,0,0,0,0,0,0,0,0,0,0,0,0,0,0,0,0,0,0,0,0
16800,0,0,0,0,0,0,0,0,0,0,0,0,0,0,0,0,0,0,0,0,0
16900,0,0,0,0,0,0,0,0,0,0,0,0,0,0,0,0,0,0,0,0,0
17000,0,0,0,0,0,0,0,0,0,0,0,0,0,0,0,0,0,0,0,0,0
17100,0,0,0,0,0,0,0,0,0,0,0,0,0,0,0,0,0,0,0,0,0
17200,0,0,0,0,0,0,0,0,0,0,0,0,0,0,0,0,0,0,0,0,0
17300,0,0,0,0,0,0,0,0,0,0,0,0,0,0,0,0,0,0,0,0,0
17400,1,0,0,0,0,0,0,0,0,0,0,0,0,0,0,0,0,0,0,0,0
17500,0,0,0,0,0,0,0,0,0,0,0,0,0,0,0,0,0,0,0,0,0
17600,0,0,0,0,0,0,0,0,0,0,0,0,0,0,0,0,0,0,0,0,0
17700,0,0,0,0,0,0,0,0,0,0,0,0,0,0,0,0,0,0,0,0,0
17800,0,0,0,0,0,0,0,0,0,0,0,0,0,0,0,0,0,0,0,0,0
17900,1,0,0,0,0,0,0,0,0,0,0,0,0,0,0,0,0,0,0,0,0
18000,0,0,0,0,0,0,0,0,0,0,0,0,0,0,0,0,0,0,0,0,0
18100,1,0,0,0,0,0,0,0,0,0,0,0,0,0,0,0,0,0,0,0,0
18200,1,0,0,0,0,0,0,0,0,0,0,0,0,0,0,0,0,0,0,0,0
18300,1,0,0,0,0,0,0,0,0,0,0,0,0,0,0,0,0,0,0,0,0
18400,1,0,0,0,0,0,0,0,0,0,0,0,0,0,0,0,0,0,0,0,0
18500,1,0,0,0,0,0,0,0,0,0,0,0,0,0,0,0,0,0,0,0,0
18600,1,0,0,0,0,0,0,0,0,0,0,0,0,0,0,0,0,0,0,0,0
18700,1,0,0,0,0,0,0,0,0,0,0,0,0,0,0,0,0,0,0,0,0
18800,1,0,0,0,0,0,0,0,0,0,0,0,0,0,0,0,0,0,0,0,0
18900,1,0,0,0,0,0,0,0,0,0,0,0,0,0,0,0,0,0,0,0,0
19000,1,0,0,0,0,0,0,0,0,0,0,0,0,0,0,0,0,0,0,0,0
19100,1,0,0,0,0,0,0,0,0,0,0,0,0,0,0,0,0,0,0,0,0
19200,1,0,0,0,0,0,0,0,0,0,0,0,0,0,0,0,0,0,0,0,0
19300,1,0,0,0,0,0,0,0,0,0,0,0,0,0,0,0,0,0,0,0,0
19400,1,1,0,0,0,0,0,0,0,0,0,0,0,0,0,0,0,0,0,0,0
19500,1,1,0,0,0,0,0,0,0,0,0,0,0,0,0,0,0,0,0,0,0
19600,1,1,0,0,0,0,0,0,0,0,0,0,0,0,0,0,0,0,0,0,0
19700,1,1,0,0,0,0,0,0,0,0,0,0,0,0,0,0,0,0,0,0,0
19800,1,1,0,1,0,0,0,0,0,0,0,0,0,0,0,0,0,0,0,0,0
19900,1,1,0,0,0,0,0,0,0,0,0,0,0,0,0,0,0,0,0,0,0
20000,1,1,0,0,0,0,0,0,0,0,0,0,0,0,0,0,0,0,0,0,0
20100,1,1,0,0,0,0,0,0,0,0,0,0,0,0,0,0,0,0,0,0,0
20200,1,1,0,0,0,0,0,0,0,0,0,0,0,0,0,0,0,0,0,0,0
20300,1,1,1,0,0,0,0,0,0,0,0,0,0,0,0,0,0,0,0,0,0
20400,1,1,1,0,0,0,0,0,0,0,0,0,0,0,0,0,0,0,0,0,0
20500,1,1,1,0,0,0,0,0,0,0,0,0,0,0,0,0,0,0,0,0,0
20600,1,1,1,1,0,0,0,0,0,0,0,0,0,0,0,0,0,0,0,0,0
20700,1,1,1,1,0,0,0,0,0,0,0,0,0,0,0,0,0,0,0,0,0
20800,1,1,1,1,0,0,0,0,0,0,0,0,0,0,0,0,0,0,0,0,0
20900,1,1,1,1,1,0,0,0,0,0,0,0,0,0,0,0,0,0,0,0,0
21000,1,1,1,1,1,0,0,0,0,0,0,0,0,0,0,0,0,0,0,0,0
21100,1,1,1,1,1,0,0,0,0,0,0,0,0,0,0,0,0,0,0,0,0
21200,1,1,1,1,1,0,0,0,0,0,0,0,0,0,0,0,0,0,0,0,0
21300,1,1,1,1,1,0,0,0,0,0,0,0,0,0,0,0,0,0,0,0,0
21400,1,1,1,1,1,0,0,0,0,0,0,0,0,0,0,0,0,0,0,0,0
21500,1,1,1,1,1,1,0,0,0,0,0,0,0,0,0,0,0,0,0,0,0
21600,1,1,1,1,1,1,1,0,0,0,0,0,0,0,0,0,0,0,0,0,0
21700,1,1,1,1,1,1,0,0,0,0,0,0,0,0,0,0,0,0,0,0,0
21800,1,1,1,1,1,1,1,0,0,0,0,0,0,0,0,0,0,0,0,0,0
21900,1,1,1,1,1,1,1,0,0,0,0,0,0,0,0,0,0,0,0,0,0
22000,1,1,1,1,1,1,1,0,0,0,0,0,0,0,0,0,0,0,0,0,0
22100,1,1,1,1,1,1,1,0,0,0,0,0,0,0,0,0,0,0,0,0,0
22200,1,1,1,1,1,1,1,0,0,0,0,0,0,0,0,0,0,0,0,0,0
22300,1,1,1,1,1,1,1,0,0,0,0,0,0,0,0,0,0,0,0,0,0
22400,1,1,1,1,1,1,1,0,0,0,0,0,0,0,0,0,0,0,0,0,0
22500,1,1,1,1,1,1,1,0,0,0,0,0,0,0,0,0,0,0,0,0,0
22600,1,1,1,1,1,1,1,0,0,0,0,0,0,0,0,0,0,0,0,0,0
22700,1,1,1,1,1,1,1,0,0,0,0,0,0,0,0,0,0,0,0,0,0
22800,1,1,1,1,1,1,1,0,0,0,0,0,0,0,0,0,0,0,0,0,0
22900,1,1,1,1,1,1,1,0,0,0,0,0,0,0,0,0,0,0,0,0,0
23000,1,1,1,1,1,1,1,0,0,0,0,0,0,0,0,0,0,0,0,0,0
23100,1,1,1,1,1,1,1,0,0,0,0,0,0,0,0,0,0,0,0,0,0
23200,1,1,1,1,1,1,1,0,0,0,0,0,0,0,0,0,0,0,0,0,0
23300,1,1,1,1,1,1,1,0,0,0,0,0,0,0,0,0,0,0,0,0,0
23400,1,1,1,1,1,1,1,0,0,0,0,0,0,0,0,0,0,0,0,0,0
23500,1,1,1,1,1,1,1,0,0,0,0,0,0,0,0,0,0,0,0,0,0
23600,1,1,1,1,1,1,1,0,0,0,0,0,0,0,0,0,0,0,0,0,0
23700,1,1,1,1,1,1,1,0,0,0,0,0,0,0,0,0,0,0,0,0,0
23800,1,1,1,1,1,1,1,0,0,0,0,0,0,0,0,0,0,0,0,0,0
23900,1,1,1,1,1,1,1,0,0,0,0,0,0,0,0,0,0,0,0,0,0
24000,1,1,1,1,1,1,1,0,0,0,0,0,0,0,0,0,0,0,0,0,0
24100,1,1,1,1,1,1,1,0,0,0,0,0,0,0,0,0,0,0,0,0,0
24200,1,1,1,1,1,1,1,0,0,0,0,0,0,0,0,0,0,0,0,0,0
24300,1,1,1,1,1,1,1,0,0,0,0,0,0,0,0,0,0,0,0,0,0
24400,1,1,1,1,1,1,1,0,0,0,0,0,0,0,0,0,0,0,0,0,0
24500,1,1,1,1,1,1,1,0,0,0,0,0,0,0,0,0,0,0,0,0,0
24600,1,1,1,1,1,1,1,0,0,0,0,0,0,0,0,0,0,0,0,0,0
24700,1,1,1,1,1,1,1,0,0,0,0,0,0,0,0,0,0,0,0,0,0
24800,1,1,1,1,1,1,1,0,0,0,0,0,0,0,0,0,0,0,0,0,0
24900,1,1,1,1,1,1,1,0,0,0,0,0,0,0,0,0,0,0,0,0,0
25000,1,1,1,1,1,1,1,0,0,0,0,0,0,0,0,0,0,0,0,0,0
25100,1,1,1,1,1,1,1,0,0,0,0,0,0,0,0,0,0,0,0,0,0
25200,1,1,1,1,1,1,1,0,0,0,0,0,0,0,0,0,0,0,0,0,0
25300,1,1,1,1,1,1,1,0,0,0,0,0,0,0,0,0,0,0,0,0,0
25400,1,1,1,1,1,1,1,0,0,0,0,0,0,0,0,0,0,0,0,0,0
25500,1,1,1,1,1,1,1,0,0,0,0,0,0,0,0,0,0,0,0,0,0
25600,1,1,1,1,1,1,1,0,0,0,0,0,0,0,0,0,0,0,0,0,0
25700,1,1,1,1,1,1,1,0,0,0,0,0,0,0,0,0,0,0,0,0,0
25800,1,1,1,1,1,1,1,0,0,0,0,0,0,0,0,0,0,0,0,0,0
25900,1,1,1,1,1,1,1,0,0,0,0,0,0,0,0,0,0,0,0,0,0
26000,1,1,1,1,1,1,1,0,0,0,0,0,0,0,0,0,0,0,0,0,0
26100,1,1,1,1,1,1,1,0,0,0,0,0,0,0,0,0,0,0,0,0,0
26200,1,1,1,1,1,1,1,0,0,0,0,0,0,0,0,0,0,0,0,0,0
26300,1,1,1,1,1,1,1,0,0,0,0,0,0,0,0,0,0,0,0,0,0
26400,1,1,1,1,1,1,1,0,0,0,0,0,0,0,0,0,0,0,0,0,0
26500,1,1,1,1,1,1,1,0,0,0,0,0,0,0,0,0,0,0,0,0,0
26600,1,1,1,1,1,1,1,0,0,0,0,0,0,0,0,0,0,0,0,0,0
26700,1,1,1,1,1,1,1,0,0,0,0,0,0,0,0,0,0,0,0,0,0
26800,1,1,1,1,1,1,1,0,0,0,0,0,0,0,0,0,0,0,0,0,0
26900,1,1,1,1,1,1,1,0,0,0,0,0,0,0,0,0,0,0,0,0,0
27000,1,1,1,1,1,1,1,0,0,0,0,0,0,0,0,0,0,0,0,0,0
27100,1,1,1,1,1,1,1,0,0,0,0,0,0,0,0,0,0,0,0,0,0
27200,1,1,1,1,1,1,1,0,0,0,0,0,0,0,0,0,0,0,0,0,0
27300,1,1,1,1,1,1,1,0,0,0,0,0,0,0,0,0,0,0,0,0,0
27400,1,1,1,1,1,1,1,0,0,0,0,0,0,0,0,0,0,0,0,0,0
27500,1,1,1,1,1,1,1,0,0,0,0,0,0,0,0,0,0,0,0,0,0
27600,1,1,1,1,1,1,1,0,0,0,0,0,0,0,0,0,0,0,0,0,0
27700,1,1,1,1,1,1,1,0,0,0,0,0,0,0,0,0,0,0,0,0,0
27800,1,1,1,1,1,1,1,0,0,0,0,0,0,0,0,0,0,0,0,0,0
27900,1,1,1,1,1,1,1,0,0,0,0,0,0,0,0,0,0,0,0,0,0
28000,1,1,1,1,1,1,1,0,0,0,0,0,0,0,0,0,0,0,0,0,0
28100,1,1,1,1,1,1,1,0,0,0,0,0,0,0,0,0,0,0,0,0,0
28200,1,1,1,1,1,1,1,0,0,0,0,0,0,0,0,0,0,0,0,0,0
28300,1,1,1,1,1,1,1,0,0,0,0,0,0,0,0,0,0,0,0,0,0
28400,1,1,1,1,1,1,1,0,0,0,0,0,0,0,0,0,0,0,0,0,0
28500,1,1,1,1,1,1,1,0,0,0,0,0,0,0,0,0,0,0,0,0,0
28600,1,1,1,1,1,1,1,0,0,0,0,0,0,0,0,0,0,0,0,0,0
28700,1,1,1,1,1,1,1,0,0,0,0,0,0,0,0,0,0,0,0,0,0
28800,1,1,1,1,1,1,1,0,0,0,0,0,0,0,0,0,0,0,0,0,0
28900,1,1,1,1,1,1,1,0,0,0,0,0,0,0,0,0,0,0,0,0,0
29000,1,1,1,1,1,1,1,0,0,0,0,0,0,0,0,0,0,0,0,0,0
29100,1,1,1,1,1,1,1,0,0,0,0,0,0,0,0,0,0,0,0,0,0
29200,1,1,1,1,1,1,1,0,0,0,0,0,0,0,0,0,0,0,0,0,0
29300,1,1,1,1,1,1,1,0,0,0,0,0,0,0,0,0,0,0,0,0,0
29400,1,1,1,1,1,1,1,0,0,0,0,0,0,0,0,0,0,0,0,0,0
29500,1,1,1,1,1,1,1,0,0,0,0,0,0,0,0,0,0,0,0,0,0
29600,1,1,1,1,1,1,1,0,0,0,0,0,0,0,0,0,0,0,0,0,0
29700,1,1,1,1,1,1,1,0,0,0,0,0,0,0,0,0,0,0,0,0,0
29800,1,1,1,1,1,1,1,0,0,0,0,0,0,0,0,0,0,0,0,0,0
29900,1,1,1,1,1,1,1,0,0,0,0,0,0,0,0,0,0,0,0,0,0
30000,1,1,1,1,1,1,1,0,0,0,0,0,0,0,0,0,0,0,0,0,0
30100,1,1,1,1,1,1,1,0,0,0,0,0,0,0,0,0,0,0,0,0,0
30200,1,1,1,1,1,1,1,0,0,0,0,0,0,0,0,0,0,0,0,0,0
30300,1,1,1,1,1,1,1,0,0,0,0,0,0,0,0,0,0,0,0,0,0
30400,1,1,1,1,1,1,1,0,0,0,0,0,0,0,0,0,0,0,0,0,0
30500,1,1,1,1,1,1,1,0,0,0,0,0,0,0,0,0,0,0,0,0,0
30600,1,1,1,1,1,1,1,0,0,0,0,0,0,0,0,0,0,0,0,0,0
30700,1,1,1,1,1,1,1,0,0,0,0,0,0,0,0,0,0,0,0,0,0
30800,1,1,1,1,1,1,1,0,0,0,0,0,0,0,0,0,0,0,0,0,0
30900,1,1,1,1,1,1,1,0,0,0,0,0,0,0,0,0,0,0,0,0,0
31000,1,1,1,1,1,1,1,0,0,0,0,0,0,0,0,0,0,0,0,0,0
31100,1,1,1,1,1,1,1,0,0,0,0,0,0,0,0,0,0,0,0,0,0
31200,1,1,1,1,1,1,1,0,0,0,0,0,0,0,0,0,0,0,0,0,0
31300,1,1,1,1,1,1,1,0,0,0,0,0,0,0,0,0,0,0,0,0,0
31400,1,1,1,1,1,1,1,0,0,0,0,0,0,0,0,0,0,0,0,0,0
31500,1,1,1,1,1,1,1,0,0,0,0,0,0,0,0,0,0,0,0,0,0
31600,1,1,1,1,1,1,1,0,0,0,0,0,0,0,0,0,0,0,0,0,0
31700,1,1,1,1,1,1,1,0,0,0,0,0,0,0,0,0,0,0,0,0,0
31800,1,1,1,1,1,1,1,0,0,0,0,0,0,0,0,0,0,0,0,0,0
31900,1,1,1,1,1,1,1,0,0,0,0,0,0,0,0,0,0,0,0,0,0
32000,1,1,1,1,1,1,1,0,0,0,0,0,0,0,0,0,0,0,0,0,0
32100,1,1,1,1,1,1,1,0,0,0,0,0,0,0,0,0,0,0,0,0,0
32200,1,1,1,1,1,1,1,0,0,0,0,0,0,0,0,0,0,0,0,0,0
32300,1,1,1,1,1,1,1,0,0,0,0,0,0,0,0,0,0,0,0,0,0
32400,1,1,1,1,1,1,1,0,0,0,0,0,0,0,0,0,0,0,0,0,0
32500,1,1,1,1,1,1,1,0,0,0,0,0,0,0,0,0,0,0,0,0,0
32600,1,1,1,1,1,1,1,0,0,0,0,0,0,0,0,0,0,0,0,0,0
32700,1,1,1,1,1,1,1,0,0,0,0,0,0,0,0,0,0,0,0,0,0
32800,1,1,1,1,1,1,1,0,0,0,0,0,0,0,0,0,0,0,0,0,0
32900,1,1,1,1,1,1,1,0,0,0,0,0,0,0,0,0,0,0,0,0,0
33000,1,1,1,1,1,1,1,0,0,0,0,0,0,0,0,0,0,0,0,0,0
33100,1,1,1,1,1,1,1,0,0,0,0,0,0,0,0,0,0,0,0,0,0
33200,1,1,1,1,1,1,1,0,0,0,0,0,0,0,0,0,0,0,0,0,0
33300,1,1,1,1,1,1,1,0,0,0,0,0,0,0,0,0,0,0,0,0,0
33400,1,1,1,1,1,1,1,0,0,0,0,0,0,0,0,0,0,0,0,0,0
33500,1,1,1,1,1,1,1,0,0,0,0,0,0,0,0,0,0,0,0,0,0
33600,1,1,1,1,1,1,1,0,0,0,0,0,0,0,0,0,0,0,0,0,0
33700,1,1,1,1,1,1,1,0,0,0,0,0,0,0,0,0,0,0,0,0,0
33800,2,2,1,1,1,1,1,0,0,0,0,0,0,0,0,0,0,0,0,0,0
33900,1,1,1,1,1,1,1,0,0,0,0,0,0,0,0,0,0,0,0,0,0
34000,2,1,1,1,1,1,1,0,0,0,0,0,0,0,0,0,0,0,0,0,0
34100,2,1,1,1,1,1,1,0,0,0,0,0,0,0,0,0,0,0,0,0,0
34200,2,1,1,1,1,1,1,0,0,0,0,0,0,0,0,0,0,0,0,0,0
34300,2,1,1,1,1,1,1,0,0,0,0,0,0,0,0,0,0,0,0,0,0
34400,2,1,1,1,1,1,1,0,0,0,0,0,0,0,0,0,0,0,0,0,0
34500,2,1,1,1,1,1,1,0,0,0,0,0,0,0,0,0,0,0,0,0,0
34600,2,1,1,1,1,1,1,0,0,0,0,0,0,0,0,0,0,0,0,0,0
34700,2,1,1,1,1,1,1,0,0,0,0,0,0,0,0,0,0,0,0,0,0
34800,2,1,1,1,1,1,1,0,0,0,0,0,0,0,0,0,0,0,0,0,0
34900,2,1,1,1,1,1,1,0,0,0,0,0,0,0,0,0,0,0,0,0,0
35000,2,1,1,1,1,1,1,0,0,0,0,0,0,0,0,0,0,0,0,0,0
35100,2,1,1,1,1,1,1,0,0,0,0,0,0,0,0,0,0,0,0,0,0
35200,2,1,1,1,1,1,1,0,0,0,0,0,0,0,0,0,0,0,0,0,0
35300,2,1,1,1,1,1,1,0,0,0,0,0,0,0,0,0,0,0,0,0,0
35400,2,1,1,1,1,1,1,0,0,0,0,0,0,0,0,0,0,0,0,0,0
35500,2,1,1,1,1,1,1,0,0,0,0,0,0,0,0,0,0,0,0,0,0
35600,2,2,1,1,1,1,1,0,0,0,0,0,0,0,0,0,0,0,0,0,0
35700,2,1,1,1,1,1,1,0,0,0,0,0,0,0,0,0,0,0,0,0,0
35800,2,1,1,1,1,1,1,0,0,0,0,0,0,0,0,0,0,0,0,0,0
35900,2,1,1,1,1,1,1,0,0,0,0,0,0,0,0,0,0,0,0,0,0
36000,2,1,1,1,1,1,1,0,0,0,0,0,0,0,0,0,0,0,0,0,0
36100,2,1,1,1,1,1,1,0,0,0,0,0,0,0,0,0,0,0,0,0,0
36200,2,2,1,1,1,1,1,0,0,0,0,0,0,0,0,0,0,0,0,0,0
36300,2,1,1,1,1,1,1,0,0,0,0,0,0,0,0,0,0,0,0,0,0
36400,2,1,1,1,1,1,1,0,0,0,0,0,0,0,0,0,0,0,0,0,0
36500,2,1,1,1,1,1,1,0,0,0,0,0,0,0,0,0,0,0,0,0,0
36600,2,2,1,1,1,1,1,0,0,0,0,0,0,0,0,0,0,0,0,0,0
36700,2,1,1,1,1,1,1,0,0,0,0,0,0,0,0,0,0,0,0,0,0
36800,2,2,1,1,1,1,1,0,0,0,0,0,0,0,0,0,0,0,0,0,0
36900,2,2,1,1,1,1,1,0,0,0,0,0,0,0,0,0,0,0,0,0,0
37000,2,2,1,1,1,1,1,0,0,0,0,0,0,0,0,0,0,0,0,0,0
37100,2,2,1,1,1,1,1,0,0,0,0,0,0,0,0,0,0,0,0,0,0
37200,2,2,1,1,1,1,1,0,0,0,0,0,0,0,0,0,0,0,0,0,0
37300,2,2,1,1,1,1,1,0,0,0,0,0,0,0,0,0,0,0,0,0,0
37400,2,2,1,1,1,1,1,0,0,0,0,0,0,0,0,0,0,0,0,0,0
37500,2,2,1,1,1,1,1,0,0,0,0,0,0,0,0,0,0,0,0,0,0
37600,2,2,1,1,1,1,1,0,0,0,0,0,0,0,0,0,0,0,0,0,0
37700,2,2,1,1,1,1,1,0,0,0,0,0,0,0,0,0,0,0,0,0,0
37800,2,2,1,1,1,1,1,0,0,0,0,0,0,0,0,0,0,0,0,0,0
37900,2,2,1,1,1,1,1,0,0,0,0,0,0,0,0,0,0,0,0,0,0
38000,2,2,2,2,1,1,1,0,0,0,0,0,0,0,0,0,0,0,0,0,0
38100,2,2,2,2,1,1,1,0,0,0,0,0,0,0,0,0,0,0,0,0,0
38200,2,2,1,2,1,1,1,0,0,0,0,0,0,0,0,0,0,0,0,0,0
38300,2,2,1,2,1,1,1,0,0,0,0,0,0,0,0,0,0,0,0,0,0
38400,2,2,2,2,1,1,1,0,0,0,0,0,0,0,0,0,0,0,0,0,0
38500,2,2,2,1,1,1,1,0,0,0,0,0,0,0,0,0,0,0,0,0,0
38600,2,2,2,2,1,1,1,0,0,0,0,0,0,0,0,0,0,0,0,0,0
38700,2,2,1,2,1,1,1,0,0,0,0,0,0,0,0,0,0,0,0,0,0
38800,2,2,2,2,1,1,1,0,0,0,0,0,0,0,0,0,0,0,0,0,0
38900,2,2,2,2,1,1,1,0,0,0,0,0,0,0,0,0,0,0,0,0,0
39000,2,2,2,2,1,1,1,0,0,0,0,0,0,0,0,0,0,0,0,0,0
39100,2,2,2,2,1,1,1,0,0,0,0,0,0,0,0,0,0,0,0,0,0
39200,2,2,2,2,1,1,1,0,0,0,0,0,0,0,0,0,0,0,0,0,0
39300,2,2,2,2,1,1,1,0,0,0,0,0,0,0,0,0,0,0,0,0,0
39400,2,2,2,2,1,1,1,0,0,0,0,0,0,0,0,0,0,0,0,0,0
39500,2,2,2,2,2,1,1,0,0,0,0,0,0,0,0,0,0,0,0,0,0
39600,2,2,2,2,2,1,1,0,0,0,0,0,0,0,0,0,0,0,0,0,0
39700,2,2,2,2,1,1,1,0,0,0,0,0,0,0,0,0,0,0,0,0,0
39800,2,2,2,2,2,2,1,0,0,0,0,0,0,0,0,0,0,0,0,0,0
39900,2,2,2,2,2,2,1,0,0,0,0,0,0,0,0,0,0,0,0,0,0
40000,2,2,2,2,1,2,1,0,0,0,0,0,0,0,0,0,0,0,0,0,0
40100,2,2,2,2,1,1,1,0,0,0,0,0,0,0,0,0,0,0,0,0,0
40200,2,2,2,2,1,2,1,0,0,0,0,0,0,0,0,0,0,0,0,0,0
40300,2,2,2,2,2,1,1,0,0,0,0,0,0,0,0,0,0,0,0,0,0
40400,2,2,2,2,2,2,1,0,0,0,0,0,0,0,0,0,0,0,0,0,0
40500,2,2,2,2,2,2,1,0,0,0,0,0,0,0,0,0,0,0,0,0,0
40600,2,2,2,2,2,2,1,0,0,0,0,0,0,0,0,0,0,0,0,0,0
40700,2,2,2,2,2,2,1,0,0,0,0,0,0,0,0,0,0,0,0,0,0
40800,2,2,2,2,2,2,2,0,0,0,0,0,0,0,0,0,0,0,0,0,0
40900,2,2,2,2,2,2,1,0,0,0,0,0,0,0,0,0,0,0,0,0,0
41000,2,2,2,2,2,2,2,0,0,0,0,0,0,0,0,0,0,0,0,0,0
41100,2,2,2,2,2,2,1,0,0,0,0,0,0,0,0,0,0,0,0,0,0
41200,2,2,2,2,2,2,2,0,0,0,0,0,0,0,0,0,0,0,0,0,0
41300,2,2,2,2,2,2,2,0,0,0,0,0,0,0,0,0,0,0,0,0,0
41400,2,2,2,2,2,2,2,0,0,0,0,0,0,0,0,0,0,0,0,0,0
41500,2,2,2,2,2,2,2,0,0,0,0,0,0,0,0,0,0,0,0,0,0
41600,2,2,2,2,2,2,2,0,0,0,0,0,0,0,0,0,0,0,0,0,0
41700,2,2,2,2,2,2,2,0,0,0,0,0,0,0,0,0,0,0,0,0,0
41800,2,2,2,2,2,2,2,0,0,0,0,0,0,0,0,0,0,0,0,0,0
41900,2,2,2,2,2,2,2,0,0,0,0,0,0,0,0,0,0,0,0,0,0
42000,2,2,2,2,2,2,2,0,0,0,0,0,0,0,0,0,0,0,0,0,0
42100,2,2,2,2,2,2,2,0,0,0,0,0,0,0,0,0,0,0,0,0,0
42200,2,2,2,2,2,2,2,0,0,0,0,0,0,0,0,0,0,0,0,0,0
42300,2,2,2,2,2,2,2,0,0,0,0,0,0,0,0,0,0,0,0,0,0
42400,2,2,2,2,2,2,2,0,0,0,0,0,0,0,0,0,0,0,0,0,0
42500,2,2,2,2,2,2,2,0,0,0,0,0,0,0,0,0,0,0,0,0,0
42600,2,2,2,2,2,2,2,0,0,0,0,0,0,0,0,0,0,0,0,0,0
42700,2,2,2,2,2,2,2,0,0,0,0,0,0,0,0,0,0,0,0,0,0
42800,2,2,2,2,2,2,2,0,0,0,0,0,0,0,0,0,0,0,0,0,0
42900,2,2,2,2,2,2,2,0,0,0,0,0,0,0,0,0,0,0,0,0,0
43000,2,2,2,2,2,2,2,0,0,0,0,0,0,0,0,0,0,0,0,0,0
43100,2,2,2,2,2,2,2,0,0,0,0,0,0,0,0,0,0,0,0,0,0
43200,2,2,2,2,2,2,2,0,0,0,0,0,0,0,0,0,0,0,0,0,0
43300,2,2,2,2,2,2,2,0,0,0,0,0,0,0,0,0,0,0,0,0,0
43400,2,2,2,2,2,2,2,0,0,0,0,0,0,0,0,0,0,0,0,0,0
43500,2,2,2,2,2,2,2,0,0,0,0,0,0,0,0,0,0,0,0,0,0
43600,2,2,2,2,2,2,2,0,0,0,0,0,0,0,0,0,0,0,0,0,0
43700,2,2,2,2,2,2,2,0,0,0,0,0,0,0,0,0,0,0,0,0,0
43800,2,2,2,2,2,2,2,0,0,0,0,0,0,0,0,0,0,0,0,0,0
43900,2,2,2,2,2,2,2,0,0,0,0,0,0,0,0,0,0,0,0,0,0
44000,2,2,2,2,2,2,2,0,0,0,0,0,0,0,0,0,0,0,0,0,0
44100,2,2,2,2,2,2,2,0,0,0,0,0,0,0,0,0,0,0,0,0,0
44200,2,2,2,2,2,2,2,0,0,0,0,0,0,0,0,0,0,0,0,0,0
44300,2,2,2,2,2,2,2,0,0,0,0,0,0,0,0,0,0,0,0,0,0
44400,2,2,2,2,2,2,2,0,0,0,0,0,0,0,0,0,0,0,0,0,0
44500,2,2,2,2,2,2,2,0,0,0,0,0,0,0,0,0,0,0,0,0,0
44600,2,2,2,2,2,2,2,0,0,0,0,0,0,0,0,0,0,0,0,0,0
44700,2,2,2,2,2,2,2,0,0,0,0,0,0,0,0,0,0,0,0,0,0
44800,2,2,2,2,2,2,2,0,0,0,0,0,0,0,0,0,0,0,0,0,0
44900,2,2,2,2,2,2,2,0,0,0,0,0,0,0,0,0,0,0,0,0,0
45000,2,2,2,2,2,2,2,0,0,0,0,0,0,0,0,0,0,0,0,0,0
45100,2,2,2,2,2,2,2,0,0,0,0,0,0,0,0,0,0,0,0,0,0
45200,2,2,2,2,2,2,2,0,0,0,0,0,0,0,0,0,0,0,0,0,0
45300,2,2,2,2,2,2,2,0,0,0,0,0,0,0,0,0,0,0,0,0,0
45400,2,2,2,2,2,2,2,0,0,0,0,0,0,0,0,0,0,0,0,0,0
45500,2,2,2,2,2,2,2,0,0,0,0,0,0,0,0,0,0,0,0,0,0
45600,2,2,2,2,2,2,2,0,0,0,0,0,0,0,0,0,0,0,0,0,0
45700,2,2,2,2,2,2,2,0,0,0,0,0,0,0,0,0,0,0,0,0,0
45800,2,2,2,2,2,2,2,0,0,0,0,0,0,0,0,0,0,0,0,0,0
45900,2,2,2,2,2,2,2,0,0,0,0,0,0,0,0,0,0,0,0,0,0
46000,2,2,2,2,2,2,2,0,0,0,0,0,0,0,0,0,0,0,0,0,0
46100,2,2,2,2,2,2,2,0,0,0,0,0,0,0,0,0,0,0,0,0,0
46200,2,2,2,2,2,2,2,0,0,0,0,0,0,0,0,0,0,0,0,0,0
46300,2,2,2,2,2,2,2,0,0,0,0,0,0,0,0,0,0,0,0,0,0
46400,2,2,2,2,2,2,2,0,0,0,0,0,0,0,0,0,0,0,0,0,0
46500,2,2,2,2,2,2,2,0,0,0,0,0,0,0,0,0,0,0,0,0,0
46600,2,2,2,2,2,2,2,0,0,0,0,0,0,0,0,0,0,0,0,0,0
46700,3,3,2,2,2,2,2,0,0,0,0,0,0,0,0,0,0,0,0,0,0
46800,2,2,2,2,2,2,2,0,0,0,0,0,0,0,0,0,0,0,0,0,0
46900,2,2,2,2,2,2,2,0,0,0,0,0,0,0,0,0,0,0,0,0,0
47000,2,2,2,2,2,2,2,0,0,0,0,0,0,0,0,0,0,0,0,0,0
47100,2,2,2,2,2,2,2,0,0,0,0,0,0,0,0,0,0,0,0,0,0
47200,2,2,2,2,2,2,2,0,0,0,0,0,0,0,0,0,0,0,0,0,0
47300,2,2,2,2,2,2,2,0,0,0,0,0,0,0,0,0,0,0,0,0,0
47400,2,2,2,2,2,2,2,0,0,0,0,0,0,0,0,0,0,0,0,0,0
47500,2,2,2,2,2,2,2,0,0,0,0,0,0,0,0,0,0,0,0,0,0
47600,2,2,2,2,2,2,2,0,0,0,0,0,0,0,0,0,0,0,0,0,0
47700,2,2,2,2,2,2,2,0,0,0,0,0,0,0,0,0,0,0,0,0,0
47800,2,2,2,2,2,2,2,0,0,0,0,0,0,0,0,0,0,0,0,0,0
47900,2,2,2,2,2,2,2,0,0,0,0,0,0,0,0,0,0,0,0,0,0
48000,2,2,2,2,2,2,2,0,0,0,0,0,0,0,0,0,0,0,0,0,0
48100,2,2,2,2,2,2,2,0,0,0,0,0,0,0,0,0,0,0,0,0,0
48200,2,2,2,2,2,2,2,0,0,0,0,0,0,0,0,0,0,0,0,0,0
48300,2,2,2,2,2,2,2,0,0,0,0,0,0,0,0,0,0,0,0,0,0
48400,2,2,2,2,2,2,2,0,0,0,0,0,0,0,0,0,0,0,0,0,0
48500,2,2,2,2,2,2,2,0,0,0,0,0,0,0,0,0,0,0,0,0,0
48600,2,2,2,2,2,2,2,0,0,0,0,0,0,0,0,0,0,0,0,0,0
48700,2,2,2,2,2,2,2,0,0,0,0,0,0,0,0,0,0,0,0,0,0
48800,2,2,2,2,2,2,2,0,0,0,0,0,0,0,0,0,0,0,0,0,0
48900,2,2,2,2,2,2,2,0,0,0,0,0,0,0,0,0,0,0,0,0,0
49000,2,2,2,2,2,2,2,0,0,0,0,0,0,0,0,0,0,0,0,0,0
49100,2,2,2,2,2,2,2,0,0,0,0,0,0,0,0,0,0,0,0,0,0
49200,2,2,2,2,2,2,2,0,0,0,0,0,0,0,0,0,0,0,0,0,0
49300,2,2,2,2,2,2,2,0,0,0,0,0,0,0,0,0,0,0,0,0,0
49400,2,2,2,2,2,2,2,0,0,0,0,0,0,0,0,0,0,0,0,0,0
49500,2,2,2,2,2,2,2,0,0,0,0,0,0,0,0,0,0,0,0,0,0
49600,3,2,2,2,2,2,2,0,0,0,0,0,0,0,0,0,0,0,0,0,0
49700,3,2,2,2,2,2,2,0,0,0,0,0,0,0,0,0,0,0,0,0,0
49800,3,2,2,2,2,2,2,0,0,0,0,0,0,0,0,0,0,0,0,0,0
49900,3,2,2,2,2,2,2,0,0,0,0,0,0,0,0,0,0,0,0,0,0
50000,3,2,2,2,2,2,2,0,0,0,0,0,0,0,0,0,0,0,0,0,0
50100,3,2,2,2,2,2,2,0,0,0,0,0,0,0,0,0,0,0,0,0,0
50200,3,2,2,2,2,2,2,0,0,0,0,0,0,0,0,0,0,0,0,0,0
50300,3,2,2,2,2,2,2,0,0,0,0,0,0,0,0,0,0,0,0,0,0
50400,3,2,2,2,2,2,2,0,0,0,0,0,0,0,0,0,0,0,0,0,0
50500,3,2,2,2,2,2,2,0,0,0,0,0,0,0,0,0,0,0,0,0,0
50600,3,2,2,2,2,2,2,0,0,0,0,0,0,0,0,0,0,0,0,0,0
50700,3,2,2,2,2,2,2,0,0,0,0,0,0,0,0,0,0,0,0,0,0
50800,3,2,2,2,2,2,2,0,0,0,0,0,0,0,0,0,0,0,0,0,0
50900,3,2,2,2,2,2,2,0,0,0,0,0,0,0,0,0,0,0,0,0,0
51000,3,2,2,2,2,2,2,0,0,0,0,0,0,0,0,0,0,0,0,0,0
51100,3,2,2,2,2,2,2,0,0,0,0,0,0,0,0,0,0,0,0,0,0
51200,3,2,2,2,2,2,2,0,0,0,0,0,0,0,0,0,0,0,0,0,0
51300,3,2,2,2,2,2,2,0,0,0,0,0,0,0,0,0,0,0,0,0,0
51400,3,2,2,2,2,2,2,0,0,0,0,0,0,0,0,0,0,0,0,0,0
51500,3,2,2,2,2,2,2,0,0,0,0,0,0,0,0,0,0,0,0,0,0
51600,3,2,2,2,2,2,2,0,0,0,0,0,0,0,0,0,0,0,0,0,0
51700,3,2,2,2,2,2,2,0,0,0,0,0,0,0,0,0,0,0,0,0,0
51800,3,2,2,2,2,2,2,0,0,0,0,0,0,0,0,0,0,0,0,0,0
51900,3,2,2,2,2,2,2,0,0,0,0,0,0,0,0,0,0,0,0,0,0
52000,3,2,2,2,2,2,2,0,0,0,0,0,0,0,0,0,0,0,0,0,0
52100,3,2,2,2,2,2,2,0,0,0,0,0,0,0,0,0,0,0,0,0,0
52200,3,2,2,2,2,2,2,0,0,0,0,0,0,0,0,0,0,0,0,0,0
52300,3,2,2,2,2,2,2,0,0,0,0,0,0,0,0,0,0,0,0,0,0
52400,3,3,2,2,2,2,2,0,0,0,0,0,0,0,0,0,0,0,0,0,0
52500,3,3,2,2,2,2,2,0,0,0,0,0,0,0,0,0,0,0,0,0,0
52600,3,3,2,2,2,2,2,0,0,0,0,0,0,0,0,0,0,0,0,0,0
52700,3,2,2,2,2,2,2,0,0,0,0,0,0,0,0,0,0,0,0,0,0
52800,3,3,2,2,2,2,2,0,0,0,0,0,0,0,0,0,0,0,0,0,0
52900,3,3,2,2,2,2,2,0,0,0,0,0,0,0,0,0,0,0,0,0,0
53000,3,3,2,2,2,2,2,0,0,0,0,0,0,0,0,0,0,0,0,0,0
53100,3,3,2,2,2,2,2,0,0,0,0,0,0,0,0,0,0,0,0,0,0
53200,3,3,2,2,2,2,2,0,0,0,0,0,0,0,0,0,0,0,0,0,0
53300,3,3,2,2,2,2,2,0,0,0,0,0,0,0,0,0,0,0,0,0,0
53400,3,3,3,2,2,2,2,0,0,0,0,0,0,0,0,0,0,0,0,0,0
53500,3,3,3,2,2,2,2,0,0,0,0,0,0,0,0,0,0,0,0,0,0
53600,3,3,2,2,2,2,2,0,0,0,0,0,0,0,0,0,0,0,0,0,0
53700,3,3,2,2,2,2,2,0,0,0,0,0,0,0,0,0,0,0,0,0,0
53800,3,3,3,2,2,2,2,0,0,0,0,0,0,0,0,0,0,0,0,0,0
53900,3,3,2,2,2,2,2,0,0,0,0,0,0,0,0,0,0,0,0,0,0
54000,3,3,2,2,2,2,2,0,0,0,0,0,0,0,0,0,0,0,0,0,0
54100,3,3,2,2,2,2,2,0,0,0,0,0,0,0,0,0,0,0,0,0,0
54200,3,3,2,2,2,2,2,0,0,0,0,0,0,0,0,0,0,0,0,0,0
54300,3,3,2,2,2,2,2,0,0,0,0,0,0,0,0,0,0,0,0,0,0
54400,3,3,2,2,2,2,2,0,0,0,0,0,0,0,0,0,0,0,0,0,0
54500,3,3,2,2,2,2,2,0,0,0,0,0,0,0,0,0,0,0,0,0,0
54600,3,3,3,2,2,2,2,0,0,0,0,0,0,0,0,0,0,0,0,0,0
54700,3,3,3,2,2,2,2,0,0,0,0,0,0,0,0,0,0,0,0,0,0
54800,3,3,3,2,2,2,2,0,0,0,0,0,0,0,0,0,0,0,0,0,0
54900,3,3,3,2,2,2,2,0,0,0,0,0,0,0,0,0,0,0,0,0,0
55000,3,3,3,2,2,2,2,0,0,0,0,0,0,0,0,0,0,0,0,0,0
55100,3,3,3,2,2,2,2,0,0,0,0,0,0,0,0,0,0,0,0,0,0
55200,3,3,3,2,2,2,2,0,0,0,0,0,0,0,0,0,0,0,0,0,0
55300,3,3,3,2,2,2,2,0,0,0,0,0,0,0,0,0,0,0,0,0,0
55400,3,3,3,2,2,2,2,0,0,0,0,0,0,0,0,0,0,0,0,0,0
55500,3,3,3,2,2,2,2,0,0,0,0,0,0,0,0,0,0,0,0,0,0
55600,3,3,3,2,2,2,2,0,0,0,0,0,0,0,0,0,0,0,0,0,0
55700,3,3,3,3,3,3,3,0,0,0,0,0,0,0,0,0,0,0,0,0,0
55800,3,3,3,3,3,3,3,0,0,0,0,0,0,0,1,0,0,0,0,0,0
55900,4,3,3,3,3,3,2,0,0,0,0,0,0,0,0,0,0,0,0,0,0
56000,3,3,3,3,3,2,2,0,0,0,0,0,0,0,0,0,0,0,0,0,0
56100,3,3,3,3,3,2,2,0,0,0,0,0,0,0,0,0,0,0,0,0,0
56200,3,3,3,3,3,2,2,0,0,0,0,0,0,0,0,0,0,0,0,0,0
56300,3,3,3,3,3,2,2,0,0,0,0,0,0,0,0,0,0,0,0,0,0
56400,3,3,3,3,3,2,2,0,0,0,0,0,0,0,0,0,0,0,0,0,0
56500,3,3,3,3,3,2,2,0,0,0,0,0,0,0,0,0,0,0,0,0,0
56600,3,3,3,2,2,2,2,0,0,0,0,0,0,0,0,0,0,0,0,0,0
56700,3,3,3,2,2,2,2,0,0,0,0,0,0,0,0,0,0,0,0,0,0
56800,3,3,3,2,2,2,2,0,0,0,0,0,0,0,0,0,0,0,0,0,0
56900,3,3,3,3,2,2,2,0,0,0,0,0,0,0,0,0,0,0,0,0,0
57000,3,3,3,3,3,2,2,0,0,0,0,0,0,0,0,0,0,0,0,0,0
57100,3,3,3,3,3,3,3,0,0,0,0,0,0,0,0,0,0,0,0,0,0
57200,3,3,3,3,3,3,2,0,0,0,0,0,0,0,0,0,0,0,0,0,0
57300,3,3,3,2,3,2,2,0,0,0,0,0,0,0,0,0,0,0,0,0,0
57400,3,3,3,3,3,2,2,0,0,0,0,0,0,0,0,0,0,0,0,0,0
57500,3,3,3,3,3,2,3,0,0,0,0,0,0,0,0,0,0,0,0,0,0
57600,3,3,3,3,3,2,3,0,0,0,0,0,0,0,0,0,0,0,0,0,0
57700,3,3,3,3,3,2,2,0,0,0,0,0,0,0,0,0,0,0,0,0,0
57800,3,3,3,3,3,2,2,0,0,0,0,0,0,0,0,0,0,0,0,0,0
57900,3,3,3,3,3,3,3,0,0,0,0,0,0,0,0,0,0,0,0,0,0
58000,3,3,3,3,3,2,2,0,0,0,0,0,0,0,0,0,0,0,0,0,0
58100,3,3,3,3,3,2,2,0,0,0,0,0,0,0,0,0,0,0,0,0,0
58200,3,3,3,3,3,3,2,0,0,0,0,0,0,0,0,0,0,0,0,0,0
58300,3,3,3,3,3,2,3,0,0,0,0,0,0,0,0,0,0,0,0,0,0
58400,3,3,3,3,3,3,3,0,0,0,0,0,0,0,0,0,0,0,0,0,0
58500,3,3,3,3,3,3,2,0,0,0,0,0,0,0,0,0,0,0,0,0,0
58600,3,3,3,3,3,3,3,0,0,0,0,0,0,0,0,0,0,0,0,0,0
58700,3,3,3,3,3,3,3,0,0,0,0,0,0,0,0,0,0,0,0,0,0
58800,3,3,3,3,3,3,3,0,0,0,0,0,0,0,0,0,0,0,0,0,0
58900,3,3,3,3,3,3,3,0,0,0,0,0,0,0,0,0,0,0,0,0,0
59000,3,3,3,3,3,3,3,0,0,0,0,0,0,0,0,0,0,0,0,0,0
59100,3,3,3,3,3,3,3,0,0,0,0,0,0,0,0,0,0,0,0,0,0
59200,3,3,3,3,3,3,3,0,0,0,0,0,0,0,0,0,0,0,0,0,0
59300,3,3,3,3,3,3,3,0,0,0,0,0,0,0,0,0,0,0,0,0,0
59400,3,3,3,3,3,3,3,0,0,0,0,0,0,0,0,0,0,0,0,0,0
59500,3,3,3,3,3,3,3,0,0,0,0,0,0,0,0,0,0,0,0,0,0
59600,3,3,3,3,3,3,3,0,0,0,0,0,0,0,0,0,0,0,0,0,0
59700,3,3,3,3,3,3,3,0,0,0,0,0,0,0,0,0,0,0,0,0,0
59800,3,3,3,3,3,3,3,0,0,0,0,0,0,0,0,0,0,0,0,0,0
59900,3,3,3,3,3,3,3,0,0,0,0,0,0,0,0,0,0,0,0,0,0
60000,3,3,3,3,3,3,3,0,0,0,0,0,0,0,0,0,0,0,0,0,0
60100,3,3,3,3,3,3,3,0,0,0,0,0,0,0,0,0,0,0,0,0,0
60200,3,3,3,3,3,3,3,0,0,0,0,0,0,0,0,0,0,0,0,0,0
60300,3,3,3,3,3,3,3,0,0,0,0,0,0,0,0,0,0,0,0,0,0
60400,3,3,3,3,3,3,3,0,0,0,0,0,0,0,0,0,0,0,0,0,0
60500,3,3,3,3,3,3,3,0,0,0,0,0,0,0,0,0,0,0,0,0,0
60600,3,3,3,3,3,3,3,0,0,0,0,0,0,0,0,0,0,0,0,0,0
60700,3,3,3,3,3,3,3,0,0,0,0,0,0,0,0,0,0,0,0,0,0
60800,4,3,3,3,3,3,3,1,0,0,0,0,0,0,0,0,0,0,0,0,0
60900,4,4,3,3,3,3,3,0,0,0,0,0,0,0,0,0,0,0,0,0,0
61000,3,3,3,3,3,3,3,0,0,0,0,0,0,0,0,0,0,0,0,0,0
61100,3,3,3,3,3,3,3,0,0,0,0,0,0,0,0,0,0,0,0,0,0
61200,3,3,3,3,3,3,3,0,0,0,0,0,0,0,0,0,0,0,0,0,0
61300,3,3,3,3,3,3,3,0,0,0,0,0,0,0,0,0,0,0,0,0,0
61400,3,3,3,3,3,3,3,0,0,0,0,0,0,0,0,0,0,0,0,0,0
61500,3,3,3,3,3,3,3,0,0,0,0,0,0,0,0,0,0,0,0,0,0
61600,3,3,3,3,3,3,3,0,0,0,0,0,0,0,0,0,0,0,0,0,0
61700,3,3,3,3,3,3,3,0,0,0,0,0,0,0,0,0,0,0,0,0,0
61800,3,3,3,3,3,3,3,0,0,0,0,0,0,0,0,0,0,0,0,0,0
61900,3,3,3,3,3,3,3,0,0,0,0,0,0,0,1,0,0,0,0,0,0
62000,4,4,3,3,3,3,3,0,0,0,0,0,0,0,0,0,0,0,0,0,0
62100,3,3,3,3,3,3,3,0,0,0,0,0,0,0,0,0,0,0,0,0,0
62200,3,3,3,3,3,3,3,0,0,0,0,0,0,0,0,0,0,0,0,0,0
62300,4,3,3,3,3,3,3,0,0,0,0,0,0,0,0,0,0,0,0,0,0
62400,4,3,3,3,3,3,3,0,0,0,0,0,0,0,1,0,0,0,0,0,0
62500,4,3,3,3,3,3,3,0,0,0,0,0,0,0,1,0,0,0,0,0,0
62600,4,3,3,3,3,3,3,0,0,0,0,0,0,0,0,0,0,0,0,0,0
62700,3,3,3,3,3,3,3,0,0,0,0,0,0,0,0,0,0,0,0,0,0
62800,4,3,3,3,3,3,3,0,0,0,0,0,0,0,1,0,0,0,0,0,0
62900,4,3,3,3,3,3,3,0,0,0,0,0,0,0,1,0,0,0,0,0,0
63000,4,3,3,3,3,3,3,0,0,0,0,0,0,0,1,0,0,0,0,0,0
63100,4,4,3,3,3,3,3,0,0,0,0,0,0,0,0,0,0,0,0,0,0
63200,3,3,3,3,3,3,3,0,0,0,0,0,0,0,0,0,0,0,0,0,0
63300,3,3,3,3,3,3,3,0,0,0,0,0,0,0,0,0,0,0,0,0,0
63400,4,3,3,3,3,3,3,0,0,0,0,0,0,0,1,0,0,0,0,0,0
63500,4,3,3,3,3,3,3,0,0,0,0,0,0,0,0,0,0,0,0,0,0
63600,4,3,3,3,3,3,3,0,0,0,0,0,0,0,1,0,0,0,0,0,0
63700,4,3,3,3,3,3,3,0,0,0,0,0,0,0,1,0,0,0,0,0,0
63800,4,3,3,3,3,3,3,0,0,0,0,0,0,0,1,0,0,0,0,0,0
63900,4,3,3,3,3,3,3,0,0,0,0,0,0,0,1,0,0,0,0,0,0
64000,4,3,3,3,3,3,3,0,0,0,0,0,0,0,1,0,0,0,0,0,0
64100,4,3,3,3,3,3,3,0,0,0,0,0,0,0,1,0,0,0,0,0,0
64200,4,3,3,3,3,3,3,0,0,0,0,0,0,0,1,0,0,0,0,0,0
64300,4,3,3,3,3,3,3,0,0,0,0,0,0,0,1,0,0,0,0,0,0
64400,4,3,3,3,3,3,3,0,0,0,0,0,0,0,1,0,0,0,0,0,0
64500,4,3,3,3,3,3,3,0,0,0,0,0,0,0,0,0,0,0,0,0,0
64600,4,3,3,3,3,3,3,0,0,0,0,0,0,0,0,0,0,0,0,0,0
64700,4,3,3,3,3,3,3,0,0,0,0,0,0,0,1,0,0,0,0,0,0
64800,4,3,3,3,3,3,3,0,0,0,0,0,0,0,1,0,0,0,0,0,0
64900,4,3,3,3,3,3,3,0,0,0,0,0,0,0,1,0,0,0,0,0,0
65000,4,3,3,3,3,3,3,0,0,0,0,0,0,0,1,0,0,0,0,0,0
65100,4,3,3,3,3,3,3,1,0,0,0,0,0,0,1,0,0,0,0,0,0
65200,4,3,3,3,3,3,3,0,0,0,0,0,0,0,1,0,0,0,0,0,0
65300,4,3,3,3,3,3,3,0,0,0,0,0,0,0,1,0,0,0,0,0,0
65400,4,3,3,3,3,3,3,0,0,0,0,0,0,0,1,0,0,0,0,0,0
65500,4,3,3,3,3,3,3,0,0,0,0,0,0,0,1,0,0,0,0,0,0
65600,4,3,3,3,3,3,3,0,0,0,0,0,0,0,1,0,0,0,0,0,0
65700,4,3,3,3,3,3,3,0,0,0,0,0,0,0,1,0,0,0,0,0,0
65800,4,3,3,3,3,3,3,0,0,0,0,0,0,0,1,0,0,0,0,0,0
65900,4,3,3,3,3,3,3,1,0,0,0,0,0,0,1,0,0,0,0,0,0
66000,4,3,3,3,3,3,3,0,0,0,0,0,0,0,1,0,0,0,0,0,0
66100,4,3,3,3,3,3,3,0,0,0,0,0,0,0,1,0,0,0,0,0,0
66200,4,3,3,3,3,3,3,1,0,0,0,0,0,0,1,0,0,0,0,0,0
66300,4,3,3,3,3,3,3,0,0,0,0,0,0,0,1,0,0,0,0,0,0
66400,4,3,3,3,3,3,3,1,0,0,0,0,0,0,1,0,0,0,0,0,0
66500,4,3,3,3,3,3,3,1,0,0,0,0,0,0,1,0,0,0,0,0,0
66600,4,3,3,3,3,3,3,0,0,0,0,0,0,0,1,0,0,0,0,0,0
66700,4,3,3,3,3,3,3,1,0,0,0,0,0,0,1,0,0,0,0,0,0
66800,4,3,3,3,3,3,3,0,0,0,0,0,0,0,1,0,0,0,0,0,0
66900,4,3,3,3,3,3,3,1,0,0,0,0,0,0,1,0,0,0,0,0,0
67000,4,4,3,3,3,3,3,1,0,0,0,0,0,0,1,0,0,0,0,0,0
67100,4,3,3,3,3,3,3,0,0,0,0,0,0,0,1,0,0,0,0,0,0
67200,4,3,3,3,3,3,3,1,0,0,0,0,0,0,1,0,0,0,0,0,0
67300,4,4,3,3,3,3,3,1,0,0,0,0,0,0,1,0,0,0,0,0,0
67400,4,4,3,3,3,3,3,1,0,0,0,0,0,0,1,0,0,0,0,0,0
67500,4,4,3,3,3,3,3,1,0,0,0,0,0,0,1,0,0,0,0,0,0
67600,4,4,3,3,3,3,3,0,0,0,0,0,0,0,1,0,0,0,0,0,0
67700,4,4,3,3,3,3,3,1,0,0,0,0,0,0,1,0,0,0,0,0,0
67800,4,3,3,3,3,3,3,1,0,0,0,0,0,0,1,0,0,0,0,0,0
67900,4,3,3,3,3,3,3,0,0,0,0,0,0,0,1,0,0,0,0,0,0
68000,4,4,3,4,3,3,3,1,0,0,0,0,0,0,1,0,0,0,0,0,0
68100,4,4,4,4,3,3,3,1,0,0,0,0,0,0,1,0,0,0,0,0,0
68200,4,4,3,3,3,3,3,1,0,0,0,0,0,0,1,0,0,0,0,0,0
68300,4,3,3,3,3,3,3,1,0,0,0,0,0,0,1,0,0,0,0,0,0
68400,4,4,3,3,3,3,3,1,0,0,0,0,0,0,1,0,0,0,0,0,0
68500,4,3,3,3,3,3,3,0,0,0,0,0,0,0,1,0,0,0,0,0,0
68600,4,3,3,3,3,3,3,0,0,0,0,0,0,0,1,0,0,0,0,0,0
68700,4,3,3,3,3,3,3,0,0,0,0,0,0,0,1,0,0,0,0,0,0
68800,4,3,3,3,3,3,3,0,0,0,0,0,0,0,1,0,0,0,0,0,0
68900,4,3,3,3,3,3,3,0,0,0,0,0,0,0,1,0,0,0,0,0,0
69000,4,3,3,3,3,3,3,1,0,0,0,0,0,0,1,0,0,0,0,0,0
69100,4,3,3,3,3,3,3,1,0,0,0,0,0,0,1,0,0,0,0,0,0
69200,4,4,3,3,3,3,3,1,0,0,0,0,0,0,1,0,0,0,0,0,0
69300,4,3,3,3,3,3,3,0,0,0,0,0,0,0,1,0,0,0,0,0,0
69400,4,3,3,3,3,3,3,0,0,0,0,0,0,0,1,0,0,0,0,0,0
69500,4,3,3,3,3,3,3,0,0,0,0,0,0,0,1,0,0,0,0,0,0
69600,4,3,3,3,3,3,3,1,0,0,0,0,0,0,1,0,0,0,0,0,0
69700,4,3,3,3,3,3,3,1,0,0,0,0,0,0,1,0,0,0,0,0,0
69800,4,3,3,3,3,3,3,0,0,0,0,0,0,0,1,0,0,0,0,0,0
69900,4,4,3,3,3,3,3,1,0,0,0,0,0,0,1,0,0,0,0,0,0
70000,4,3,3,3,3,3,3,1,0,0,0,0,0,0,1,0,0,0,0,0,0
70100,4,4,3,3,3,3,3,1,0,0,0,0,0,0,1,0,0,0,0,0,0
70200,4,4,3,3,3,3,3,1,0,0,0,0,0,0,1,0,0,0,0,0,0
70300,4,4,3,3,3,3,3,1,0,0,0,0,0,0,1,0,0,0,0,0,0
70400,4,4,3,3,3,3,3,1,0,0,0,0,0,0,1,0,0,0,0,0,0
70500,4,4,3,3,3,3,3,1,0,0,0,0,0,0,1,0,0,0,0,0,0
70600,4,4,3,3,3,3,3,1,0,0,0,0,0,0,1,0,0,0,0,0,0
70700,4,4,4,4,3,3,3,1,0,0,0,0,0,0,1,0,0,0,0,0,0
70800,4,4,4,3,3,3,3,1,0,0,0,0,0,0,1,0,0,0,0,0,0
70900,4,4,3,3,3,3,3,1,0,0,0,0,0,0,1,0,0,0,0,0,0
71000,4,4,4,3,3,3,3,1,0,0,0,0,0,0,1,0,0,0,0,0,0
71100,4,4,4,4,3,3,3,1,0,0,0,0,0,0,1,0,0,0,0,0,0
71200,4,4,3,3,3,3,3,1,0,0,0,0,0,0,1,0,0,0,0,0,0
71300,4,4,3,3,3,3,3,1,0,0,0,0,0,0,1,0,0,0,0,0,0
71400,4,4,4,4,4,4,3,1,0,0,0,0,0,0,1,0,0,0,0,0,0
71500,4,4,4,4,3,3,3,1,0,0,0,0,0,0,1,0,0,0,0,0,0
71600,4,4,4,4,3,3,3,1,0,0,0,0,0,0,1,0,0,0,0,0,0
71700,4,4,4,4,3,3,3,1,0,0,0,0,0,0,1,0,0,0,0,0,0
71800,4,4,4,4,4,4,3,1,0,0,0,0,0,0,1,0,0,0,0,0,0
71900,4,4,4,4,3,3,3,1,0,0,0,0,0,0,1,0,0,0,0,0,0
72000,4,4,4,4,3,3,3,1,0,0,0,0,0,0,1,0,0,0,0,0,0
72100,4,4,4,4,3,3,3,1,0,0,0,0,0,0,1,0,0,0,0,0,0
72200,4,4,4,4,4,3,3,1,0,0,0,0,0,0,1,0,0,0,0,0,0
72300,4,4,4,4,3,4,3,1,0,0,0,0,0,0,1,0,0,0,0,0,0
72400,4,4,4,4,3,3,3,1,0,0,0,0,0,0,1,0,0,0,0,0,0
72500,4,4,4,4,3,4,3,1,0,0,0,0,0,0,1,0,0,0,0,0,0
72600,4,4,4,4,3,3,3,1,0,0,0,0,0,0,1,0,0,0,0,0,0
72700,4,4,4,4,3,3,3,1,0,0,0,0,0,0,1,0,0,0,0,0,0
72800,4,4,4,4,3,3,3,1,0,0,0,0,0,0,1,0,0,0,0,0,0
72900,5,4,4,4,4,4,4,1,0,0,0,0,0,1,1,1,1,1,0,0,0
73000,4,4,4,4,4,4,4,1,0,0,0,0,0,0,1,0,0,0,0,0,0
73100,4,4,4,4,4,4,4,1,0,0,0,0,0,0,1,1,1,1,0,0,0
73200,4,4,4,4,4,4,4,1,0,0,0,0,0,0,1,0,0,0,0,0,0
73300,5,4,3,4,3,3,3,1,0,0,0,0,0,0,1,0,0,0,0,0,0
73400,4,4,4,4,4,4,3,1,0,0,0,0,0,0,1,0,0,0,0,0,0
73500,5,4,4,3,4,3,3,1,0,0,0,0,0,0,1,0,0,0,0,0,0
73600,4,4,4,4,4,4,4,1,0,0,0,0,0,0,1,0,0,0,0,0,0
73700,4,4,4,4,4,4,4,1,0,0,0,0,0,0,1,0,0,0,0,0,0
73800,4,4,4,4,4,4,3,1,0,0,0,0,0,0,1,0,0,0,0,0,0
73900,4,4,4,4,4,4,3,1,0,0,0,0,0,0,1,1,0,0,0,0,0
74000,5,5,4,5,4,4,4,1,1,0,0,0,0,0,1,0,0,0,0,0,0
74100,4,4,4,4,3,3,3,1,0,0,0,0,0,0,1,0,0,0,0,0,0
74200,4,4,4,4,3,3,3,1,0,0,0,0,0,0,1,0,0,0,0,0,0
74300,4,4,4,4,3,3,3,1,0,0,0,0,0,0,1,1,0,0,0,0,0
74400,4,4,4,4,4,4,3,1,0,0,0,0,0,0,1,0,0,0,0,0,0
74500,4,4,4,4,4,4,4,1,0,0,0,0,0,0,1,0,0,0,0,0,0
74600,5,4,4,4,4,4,4,1,0,0,0,0,0,0,1,0,0,0,0,0,0
74700,4,4,4,4,4,4,3,1,0,0,0,0,0,0,1,0,0,0,0,0,0
74800,5,4,4,4,4,4,4,1,0,0,0,0,0,0,1,0,0,0,0,0,0
74900,5,4,4,4,4,4,4,1,0,0,0,0,0,0,1,0,0,0,0,0,0
75000,5,4,4,4,4,4,4,1,0,0,0,0,0,0,1,0,0,0,0,0,0
75100,4,4,4,4,4,4,4,1,0,0,0,0,0,0,1,0,0,0,0,0,0
75200,5,4,4,4,4,4,3,1,0,0,0,0,0,0,1,0,0,0,0,0,0
75300,4,4,4,4,4,4,4,1,0,0,0,0,0,0,1,0,0,0,0,0,0
75400,4,4,4,4,4,4,4,1,0,0,0,0,0,0,1,0,0,0,0,0,0
75500,4,4,4,4,4,4,3,1,0,0,0,0,0,0,1,0,0,0,0,0,0
75600,4,4,4,4,4,4,3,1,0,0,0,0,0,0,1,0,0,0,0,0,0
75700,5,4,4,4,4,4,4,1,0,0,0,0,0,0,1,0,0,0,0,0,0
75800,5,4,4,4,4,4,4,1,0,0,0,0,0,0,1,0,0,0,0,0,0
75900,5,4,4,4,4,4,4,1,0,0,0,0,0,0,1,0,0,0,0,0,0
76000,4,4,4,4,4,4,4,1,0,0,0,0,0,0,1,0,0,0,0,0,0
76100,5,4,4,4,4,4,4,1,0,0,0,0,0,0,1,0,0,0,0,0,0
76200,5,4,4,4,4,4,4,1,0,0,0,0,0,0,1,0,0,0,0,0,0
76300,4,4,4,4,4,4,4,1,0,0,0,0,0,0,1,0,0,0,0,0,0
76400,4,4,4,4,4,4,4,1,0,0,0,0,0,0,1,0,0,0,0,0,0
76500,4,4,4,4,4,4,4,1,0,0,0,0,0,0,1,1,0,0,0,0,0
76600,5,4,4,4,3,4,4,1,1,0,0,0,0,1,1,1,0,0,0,0,0
76700,5,4,4,4,4,4,4,1,0,0,0,0,0,1,1,0,0,0,0,0,0
76800,5,4,4,4,4,4,4,1,0,0,0,0,0,0,1,0,0,0,0,0,0
76900,4,4,4,4,4,3,3,1,0,0,0,0,0,0,1,0,0,0,0,0,0
77000,5,4,4,4,4,4,4,1,0,0,0,0,0,1,1,1,0,0,0,0,0
77100,5,4,4,4,4,4,4,1,1,0,0,0,0,1,1,1,0,0,0,0,0
77200,5,4,4,4,4,4,4,1,1,0,0,0,0,1,1,1,0,0,0,0,0
77300,5,4,4,4,3,3,3,1,0,0,0,0,0,0,1,0,0,0,0,0,0
77400,4,4,4,4,4,4,3,1,0,0,0,0,0,0,1,0,0,0,0,0,0
77500,4,4,4,4,3,4,3,1,0,0,0,0,0,0,1,0,0,0,0,0,0
77600,4,4,4,4,4,4,3,1,0,0,0,0,0,0,1,0,0,0,0,0,0
77700,4,4,4,4,4,4,3,1,0,0,0,0,0,0,1,0,0,0,0,0,0
77800,4,4,4,4,4,4,3,1,0,0,0,0,0,0,1,0,0,0,0,0,0
77900,4,4,4,4,4,4,3,1,0,0,0,0,0,0,1,0,0,0,0,0,0
78000,5,4,4,4,4,4,4,1,0,0,0,0,0,0,1,0,0,0,0,0,0
78100,4,4,4,4,4,4,3,1,0,0,0,0,0,0,1,0,0,0,0,0,0
78200,4,4,4,4,4,4,3,1,0,0,0,0,0,0,1,0,0,0,0,0,0
78300,4,4,4,4,4,4,3,1,0,0,0,0,0,0,1,0,0,0,0,0,0
78400,4,4,4,4,4,4,3,1,0,0,0,0,0,0,1,0,0,0,0,0,0
78500,4,4,4,4,4,4,3,1,0,0,0,0,0,0,1,0,0,0,0,0,0
78600,4,4,4,4,4,4,3,1,0,0,0,0,0,0,1,0,0,0,0,0,0
78700,4,4,4,4,4,4,4,1,0,0,0,0,0,0,1,0,0,0,0,0,0
78800,4,4,4,4,4,4,3,1,0,0,0,0,0,0,1,0,0,0,0,0,0
78900,4,4,4,4,4,4,3,1,0,0,0,0,0,0,1,0,0,0,0,0,0
79000,4,4,4,4,4,4,4,1,0,0,0,0,0,1,1,0,0,0,0,0,0
79100,5,4,4,4,4,4,4,1,0,0,0,0,0,1,1,1,0,0,0,0,0
79200,5,4,4,4,4,4,4,1,0,0,0,0,0,1,1,0,0,0,0,0,0
79300,5,4,4,4,4,4,4,1,0,0,0,0,0,1,1,0,0,0,0,0,0
79400,5,4,4,4,4,4,4,1,0,0,0,0,0,1,1,1,0,0,0,0,0
79500,5,4,4,4,4,4,4,1,0,0,0,0,0,1,1,0,0,0,0,0,0
79600,5,4,4,4,4,4,4,1,0,0,0,0,0,1,1,0,0,0,0,0,0
79700,5,4,4,4,4,4,4,1,0,0,0,0,0,1,1,1,0,0,0,0,0
79800,5,4,4,4,4,4,4,1,0,0,0,0,0,1,1,0,0,0,0,0,0
79900,5,4,4,4,4,4,4,1,0,0,0,0,0,1,1,0,0,0,0,0,0
80000,5,4,4,4,4,4,4,1,0,0,0,0,0,1,1,1,0,0,0,0,0
80100,5,4,4,4,4,4,4,1,0,0,0,0,0,1,1,1,0,0,0,0,0
80200,4,4,4,4,4,4,4,1,0,0,0,0,0,1,1,0,0,0,0,0,0
80300,5,4,4,4,4,4,4,1,0,0,0,0,0,1,1,1,0,0,0,0,0
80400,5,4,4,4,4,4,4,1,0,0,0,0,0,1,1,0,0,0,0,0,0
80500,5,4,4,4,4,4,4,1,0,0,0,0,0,1,1,0,0,0,0,0,0
80600,5,4,4,4,4,4,4,1,0,0,0,0,0,1,1,1,0,0,0,0,0
80700,5,4,4,4,4,4,4,1,0,0,0,0,0,1,1,0,0,0,0,0,0
80800,5,4,4,4,4,4,4,1,0,0,0,0,0,1,1,0,0,0,0,0,0
80900,5,4,4,4,4,4,4,1,0,0,0,0,0,1,1,1,0,0,0,0,0
81000,5,4,4,4,4,4,4,1,0,0,0,0,0,1,1,0,0,0,0,0,0
81100,5,4,4,4,4,4,4,1,0,0,0,0,0,1,1,1,0,0,0,0,0
81200,5,4,4,4,4,4,4,1,0,0,0,0,0,1,1,0,0,0,0,0,0
81300,5,4,4,4,4,4,4,1,0,0,0,0,0,1,1,1,0,0,0,0,0
81400,5,4,4,4,4,4,4,1,0,0,0,0,0,1,1,1,0,0,0,0,0
81500,5,4,4,4,4,4,4,1,0,0,0,0,0,1,1,1,0,0,0,0,0
81600,5,4,4,4,4,4,4,1,0,0,0,0,0,0,1,0,0,0,0,0,0
81700,5,4,4,4,4,4,4,1,0,0,0,0,0,1,1,1,0,0,0,0,0
81800,5,4,4,4,4,4,4,1,0,0,0,0,0,1,1,0,0,0,0,0,0
81900,5,4,4,4,4,4,4,1,0,0,0,0,0,1,1,0,0,0,0,0,0
82000,5,4,4,4,4,4,4,1,0,0,0,0,0,1,1,0,0,0,0,0,0
82100,5,4,4,4,4,4,4,1,0,0,0,0,0,1,1,0,0,0,0,0,0
82200,5,4,4,4,4,4,4,1,0,0,0,0,0,1,1,0,0,0,0,0,0
82300,5,4,4,4,4,4,4,1,0,0,0,0,0,1,1,0,0,0,0,0,0
82400,5,4,4,4,4,4,4,1,0,0,0,0,0,1,1,0,0,0,0,0,0
82500,5,4,4,4,4,4,4,1,0,0,0,0,0,1,1,0,0,0,0,0,0
82600,5,4,4,4,4,4,4,1,0,0,0,0,0,1,1,0,0,0,0,0,0
82700,5,4,4,4,4,4,4,1,0,0,0,0,0,1,1,0,0,0,0,0,0
82800,5,4,4,4,4,4,4,1,0,0,0,0,0,1,1,1,0,0,0,0,0
82900,5,5,4,4,4,5,4,1,1,0,0,0,0,1,1,1,1,1,0,0,0
83000,5,4,4,4,4,4,4,1,0,0,0,0,0,1,1,0,0,0,0,0,0
83100,5,4,4,4,4,4,4,1,0,0,0,0,0,1,1,1,0,0,0,0,0
83200,5,4,4,4,4,4,4,1,0,0,0,0,0,1,1,0,0,0,0,0,0
83300,5,4,4,4,4,4,4,1,0,0,0,0,0,1,1,1,0,0,0,0,0
83400,5,4,4,4,4,4,4,1,0,0,0,0,0,1,1,1,0,0,0,0,0
83500,5,4,4,4,4,4,4,1,0,0,0,0,0,1,1,1,0,0,0,0,0
83600,5,4,4,4,4,4,4,1,1,0,0,0,0,1,1,1,0,0,0,0,0
83700,5,4,4,4,4,4,4,1,1,0,0,0,0,1,1,1,0,0,0,0,0
83800,5,4,4,4,4,4,4,1,1,0,0,0,0,1,1,1,0,0,0,0,0
83900,5,4,4,4,4,4,4,1,1,0,0,0,0,1,1,1,0,0,0,0,0
84000,5,4,4,4,4,4,4,1,0,0,0,0,0,1,1,1,0,0,0,0,0
84100,5,4,4,4,4,4,4,1,1,0,0,0,0,1,1,1,0,0,0,0,0
84200,5,4,4,4,4,4,4,1,1,0,0,0,0,1,1,1,0,0,0,0,0
84300,5,4,4,4,4,4,4,1,1,0,0,0,0,1,1,1,0,0,0,0,0
84400,5,4,4,4,4,4,4,1,1,0,0,0,0,1,1,1,0,0,0,0,0
84500,5,4,4,4,4,4,4,1,1,0,0,0,0,1,1,1,0,0,0,0,0
84600,5,4,4,4,4,4,4,1,1,0,0,0,0,1,1,1,0,0,0,0,0
84700,5,4,4,4,4,4,4,1,1,0,0,0,0,1,1,1,0,0,0,0,0
84800,5,4,4,4,4,4,4,1,1,0,0,0,0,1,1,1,0,0,0,0,0
84900,5,4,4,4,4,4,4,1,1,0,0,0,0,1,1,1,1,0,0,0,0
85000,5,4,4,4,4,4,4,1,1,0,0,0,0,1,1,1,1,0,0,0,0
85100,5,5,4,4,4,4,4,1,1,0,0,0,0,1,1,1,1,0,0,0,0
85200,5,5,4,4,4,4,4,1,1,0,0,0,0,1,1,1,0,0,0,0,0
85300,5,5,4,4,4,4,4,1,1,0,0,0,0,1,1,1,1,0,0,0,0
85400,5,5,4,4,4,4,4,1,1,0,0,0,0,1,1,1,1,0,0,0,0
85500,5,5,4,4,4,4,4,1,1,1,0,0,0,1,1,1,1,0,0,0,0
85600,5,5,4,4,4,4,4,1,1,0,0,0,0,1,1,1,1,0,0,0,0
85700,5,5,4,4,4,4,4,1,1,0,0,0,0,1,1,1,1,0,0,0,0
85800,5,5,4,4,4,4,4,1,1,0,0,0,0,1,1,1,1,0,0,0,0
85900,5,5,4,4,4,4,4,1,1,0,0,0,0,1,1,1,0,0,0,0,0
86000,5,5,4,4,4,4,4,1,1,0,0,0,0,1,1,1,0,0,0,0,0
86100,5,5,4,4,4,4,4,1,1,0,0,0,0,1,1,1,1,0,1,0,0
86200,5,5,5,4,4,4,4,1,1,0,0,0,0,1,1,1,1,0,0,0,0
86300,5,5,4,4,4,4,4,1,1,1,0,0,0,1,1,1,1,0,0,0,0
86400,5,5,4,4,4,4,4,1,1,1,0,0,0,1,1,1,1,0,0,0,0
86500,5,5,4,4,4,4,4,1,1,1,0,0,0,1,1,1,1,0,0,0,0
86600,5,5,4,4,4,4,4,1,1,1,0,0,0,1,1,1,1,0,0,0,0
86700,5,5,4,4,4,4,4,1,1,1,0,0,0,1,1,1,1,0,0,0,0
86800,5,5,4,4,4,4,4,1,1,1,0,0,0,1,1,1,1,0,0,0,0
86900,5,5,4,4,4,4,4,1,1,1,0,0,0,1,1,1,1,0,0,0,0
87000,5,5,4,4,4,4,4,1,1,1,0,0,0,1,1,1,1,0,0,0,0
87100,5,5,4,4,4,4,4,1,1,1,0,0,0,1,1,1,1,0,0,0,0
87200,5,5,4,4,4,4,4,1,1,1,0,0,0,1,1,1,1,0,0,0,0
87300,5,5,4,4,4,4,4,1,1,1,1,0,0,1,1,1,1,0,0,0,0
87400,5,5,5,4,4,4,4,1,1,1,0,0,0,1,1,1,1,0,0,0,0
87500,5,5,5,4,4,4,4,1,1,1,0,0,0,1,1,1,1,1,0,0,0
87600,5,5,5,4,4,4,4,1,1,1,0,0,0,1,1,1,1,1,0,0,0
87700,5,5,5,4,4,4,4,1,1,1,0,0,0,1,1,1,1,0,0,0,0
87800,5,5,5,4,4,4,4,1,1,1,1,1,1,1,1,1,1,1,1,0,0
87900,5,5,5,4,4,4,4,1,1,1,1,1,1,1,1,1,1,1,1,0,0
88000,5,5,5,5,5,4,4,1,1,1,1,1,1,1,1,1,1,1,1,0,0
88100,5,5,5,5,4,4,4,1,1,1,1,1,1,1,1,1,1,1,1,0,0
88200,5,5,5,4,4,4,4,1,1,1,1,1,1,1,1,1,1,0,0,0,0
88300,5,5,5,4,4,4,4,1,1,1,0,0,1,1,1,1,1,0,0,0,0
88400,5,5,5,4,4,4,4,1,1,1,0,0,1,1,1,1,1,1,0,0,0
88500,5,5,5,4,4,4,4,1,1,1,1,1,1,1,1,1,1,1,1,0,0
88600,5,5,5,4,4,4,4,1,1,1,0,0,1,1,1,1,1,0,1,0,0
88700,5,5,5,4,4,4,4,1,1,1,0,1,1,1,1,1,1,1,0,0,0
88800,5,5,5,4,4,4,4,1,1,1,1,1,1,1,1,1,1,1,0,0,0
88900,5,5,5,4,4,4,4,1,1,1,0,0,1,1,1,1,1,1,1,0,0
89000,5,5,5,4,4,4,4,1,1,1,1,1,1,1,1,1,1,1,1,1,0
89100,6,6,5,5,5,4,4,1,1,1,1,1,1,1,1,1,1,1,1,1,0
89200,6,5,5,5,5,4,4,1,1,1,1,1,1,1,1,1,1,1,1,0,0
89300,5,5,5,4,4,4,4,1,1,1,1,0,1,1,1,1,1,1,1,0,0
89400,5,5,5,4,4,4,4,1,1,1,0,0,1,1,1,1,1,1,0,0,0
89500,5,5,5,4,4,4,4,1,1,1,1,0,1,1,1,1,1,0,0,0,0
89600,5,5,5,4,4,4,4,1,1,1,0,0,1,1,1,1,1,0,0,0,0
89700,5,5,5,4,4,4,4,1,1,1,0,0,1,1,1,1,1,0,0,0,0
89800,5,5,5,4,4,4,4,1,1,1,0,0,1,1,1,1,1,0,0,0,0
89900,5,5,5,4,4,4,4,1,1,1,0,0,1,1,1,1,1,0,0,0,0
90000,5,5,5,4,4,4,4,1,1,1,0,0,1,1,1,1,1,0,0,0,0
90100,5,5,5,4,4,4,4,1,1,1,0,0,1,1,1,1,1,0,0,0,0
90200,5,5,5,4,4,4,4,1,1,1,0,0,1,1,1,1,1,0,0,0,0
90300,5,5,5,4,4,4,4,1,1,1,0,0,1,1,1,1,1,0,0,0,0
90400,5,5,5,4,4,4,4,1,1,1,0,0,1,1,1,1,1,1,0,0,0
90500,5,5,5,4,4,4,4,1,1,1,0,0,1,1,1,1,1,0,0,0,0
90600,5,5,5,4,4,4,4,1,1,1,1,0,1,1,1,1,1,1,0,0,0
90700,5,5,5,4,4,4,4,1,1,1,0,0,1,1,1,1,1,1,0,0,0
90800,5,5,5,4,4,4,4,1,1,1,1,0,1,1,1,1,1,1,1,0,0
90900,5,5,5,4,4,4,4,1,1,1,0,0,1,1,1,1,1,0,1,0,0
91000,5,5,5,4,4,4,4,1,1,1,0,0,1,1,1,1,1,0,1,0,0
91100,5,5,5,4,4,4,4,1,1,1,1,0,1,1,1,1,1,1,0,0,0
91200,5,5,5,4,4,4,4,1,1,1,1,1,1,1,1,1,1,0,1,0,0
91300,5,5,5,4,4,4,4,1,1,1,0,0,1,1,1,1,1,1,1,0,0
91400,5,5,5,4,4,4,4,1,1,1,1,1,1,1,1,1,1,0,0,0,0
91500,5,5,5,5,5,4,4,1,1,1,1,1,1,1,1,1,1,1,1,0,0
91600,5,5,5,4,4,4,4,1,1,1,1,1,1,1,1,1,1,1,1,0,0
91700,5,5,5,4,4,4,4,1,1,1,1,0,1,1,1,1,1,1,1,0,0
91800,5,5,5,4,4,4,4,1,1,1,1,1,1,1,1,1,1,1,1,0,0
91900,5,5,5,5,4,4,4,1,1,1,1,1,1,1,1,1,1,1,1,0,0
92000,5,5,5,4,4,4,4,1,1,1,1,1,1,1,1,1,1,1,1,0,0
92100,5,5,5,5,5,4,4,1,1,1,1,1,1,1,1,1,1,1,1,0,0
92200,5,5,5,4,4,4,4,1,1,1,1,1,1,1,1,1,1,1,0,0,0
92300,5,5,5,4,4,4,4,1,1,1,0,1,1,1,1,1,1,1,1,0,0
92400,5,5,5,5,4,4,4,1,1,1,1,0,1,1,1,1,1,1,1,0,0
92500,5,5,5,5,4,4,4,1,1,1,1,1,1,1,1,1,1,1,1,0,0
92600,5,5,5,5,5,4,4,1,1,1,1,1,1,1,1,1,1,1,1,1,1
92700,5,5,5,5,5,4,4,1,1,1,1,1,1,1,1,1,1,1,1,1,0
92800,5,5,5,5,5,4,4,1,1,1,1,1,1,1,1,1,1,1,1,1,1
92900,5,5,5,5,5,4,4,1,1,1,1,1,1,1,1,1,1,1,1,1,1
93000,6,5,5,5,5,4,4,1,1,1,1,1,1,1,1,1,1,1,1,1,1
93100,6,5,5,5,5,4,4,1,1,1,1,1,1,1,1,1,1,1,1,1,1
93200,5,5,5,5,5,4,4,1,1,1,1,1,1,1,1,1,1,1,1,1,1
93300,5,5,5,5,5,4,4,1,1,1,1,1,1,1,1,1,1,1,1,1,1
93400,5,5,5,5,5,5,4,1,1,1,1,1,1,1,1,1,1,1,1,1,1
93500,6,5,5,5,5,5,5,1,1,1,1,1,1,1,1,1,1,1,1,1,1
93600,6,5,5,5,5,4,5,1,1,1,1,1,1,1,1,1,1,1,1,1,1
93700,6,5,5,5,5,5,5,1,1,1,1,1,1,1,1,1,1,1,1,1,1
93800,6,5,5,5,5,5,5,1,1,1,1,1,1,1,1,1,1,1,1,1,1
93900,6,5,5,5,5,5,5,1,1,1,1,1,1,1,1,1,1,1,1,1,1
94000,6,5,5,5,5,5,5,1,1,1,1,1,1,1,1,1,1,1,1,1,1
94100,6,5,5,5,5,5,5,1,1,1,1,1,1,1,1,1,1,1,1,1,1
94200,6,5,5,5,5,5,5,1,1,1,1,1,1,1,1,1,1,1,1,1,1
94300,6,5,5,5,5,5,5,1,1,1,1,1,1,1,1,1,1,1,1,1,1
94400,6,5,5,5,5,5,5,1,1,1,1,1,1,1,1,1,1,1,1,1,1
94500,6,5,5,5,5,5,4,1,1,1,1,1,1,1,1,1,1,1,1,1,1
94600,6,5,5,5,5,5,4,1,1,1,1,1,1,1,1,1,1,1,1,1,1
94700,6,5,5,5,5,5,5,1,1,1,1,1,1,1,1,1,1,1,1,1,1
94800,6,5,5,5,5,5,5,1,1,1,1,1,1,1,1,1,1,1,1,1,1
94900,6,5,5,5,5,5,5,1,1,1,1,1,1,1,1,1,1,1,1,1,1
95000,6,5,5,5,5,5,5,1,1,1,1,1,1,1,1,1,1,1,1,1,1
95100,6,6,5,5,5,5,5,1,1,1,1,1,1,1,1,1,1,1,1,1,1
95200,6,6,5,5,5,5,5,1,1,1,1,1,1,1,1,1,1,1,1,1,1
95300,6,6,6,5,5,5,5,1,1,1,1,1,1,1,1,1,1,1,1,1,1
95400,6,6,5,5,5,5,5,1,1,1,1,1,1,1,1,1,1,1,1,1,1
95500,6,6,5,5,5,5,5,1,1,1,1,1,1,1,1,1,1,1,1,1,1
95600,6,6,5,5,5,5,5,1,1,1,1,1,1,1,1,1,1,1,1,1,1
95700,6,6,6,5,5,5,5,1,1,1,1,1,1,1,1,1,1,1,1,1,1
95800,6,6,5,5,5,5,5,1,1,1,1,1,1,1,1,1,1,1,1,1,1
95900,6,6,5,5,5,5,5,1,1,1,1,1,1,1,1,1,1,1,1,1,1
96000,6,6,5,5,5,5,5,1,1,1,1,1,1,1,1,1,1,1,1,1,1
96100,6,6,5,5,5,5,5,1,1,1,1,1,1,1,1,1,1,1,1,1,1
96200,6,6,5,5,5,5,5,1,1,1,1,1,1,1,1,1,1,1,1,1,1
96300,6,6,6,6,5,5,5,1,1,1,1,1,1,1,1,1,1,1,1,1,1
96400,6,6,5,5,5,5,5,1,1,1,1,1,1,1,1,1,1,1,1,1,1
96500,6,6,5,5,5,5,5,1,1,1,1,1,1,1,1,1,1,1,1,1,1
96600,6,6,5,5,5,5,5,1,1,1,1,1,1,1,1,1,1,1,1,1,1
96700,6,5,5,5,5,5,5,1,1,1,1,1,1,1,1,1,1,1,1,1,1
96800,6,5,5,5,5,5,5,1,1,1,1,1,1,1,1,1,1,1,1,1,1
96900,6,6,5,5,5,5,5,1,1,1,1,1,1,1,1,1,1,1,1,1,1
97000,6,5,5,5,5,5,5,1,1,1,1,1,1,1,1,1,1,1,1,1,1
97100,6,5,5,5,5,5,5,1,1,1,1,1,1,1,1,1,1,1,1,1,1
97200,6,5,5,5,5,5,5,1,1,1,1,1,1,1,1,1,1,1,1,1,1
97300,6,5,5,5,5,5,5,1,1,1,1,1,1,1,1,1,1,1,1,1,1
97400,6,5,5,5,5,5,5,1,1,1,1,1,1,1,1,1,1,1,1,1,1
97500,6,5,5,5,5,5,5,1,1,1,1,1,1,1,1,1,1,1,1,1,1
97600,6,5,5,5,5,5,5,1,1,1,1,1,1,1,1,1,1,1,1,1,1
97700,6,5,5,5,5,5,5,1,1,1,1,1,1,1,1,1,1,1,1,1,1
97800,6,5,5,5,5,5,5,1,1,1,1,1,1,1,1,1,1,1,1,1,1
97900,6,5,5,5,5,5,5,1,1,1,1,1,1,1,1,1,1,1,1,1,1
98000,6,5,5,5,5,5,5,1,1,1,1,1,1,1,1,1,1,1,1,1,1
98100,6,5,5,5,5,5,5,1,1,1,1,1,1,1,1,1,1,1,1,1,1
98200,6,5,5,5,5,5,5,1,1,1,1,1,1,1,1,1,1,1,1,1,1
98300,6,5,5,5,5,5,5,1,1,1,1,1,1,1,1,1,1,1,1,1,1
98400,6,5,5,5,5,5,5,1,1,1,1,1,1,1,1,1,1,1,1,1,1
98500,6,5,5,5,5,5,5,1,1,1,1,1,1,1,1,1,1,1,1,1,1
98600,6,6,5,5,5,5,5,1,1,1,1,1,1,1,1,1,1,1,1,1,1
98700,6,5,5,5,5,5,5,1,1,1,1,1,1,1,1,1,1,1,1,1,1
98800,6,6,5,5,5,5,5,1,1,1,1,1,1,1,1,1,1,1,1,1,1
98900,6,5,5,5,5,5,5,1,1,1,1,1,1,1,1,1,1,1,1,1,1
99000,6,6,5,5,5,5,5,1,1,1,1,1,1,1,1,1,1,1,1,1,1
99100,6,6,5,5,5,5,5,1,1,1,1,1,1,1,1,1,1,1,1,1,1
99200,6,6,5,5,5,5,5,1,1,1,1,1,1,1,1,1,1,1,1,1,1
99300,6,6,5,5,5,5,5,1,1,1,1,1,1,1,1,1,1,1,1,1,1
99400,6,5,5,5,5,5,5,1,1,1,1,1,1,1,1,1,1,1,1,1,1
99500,6,6,5,5,5,5,5,1,1,1,1,1,1,1,1,1,1,1,1,1,1
99600,6,6,5,5,5,5,5,1,1,1,1,1,1,1,1,1,1,1,1,1,1
99700,6,6,5,5,5,5,5,1,1,1,1,1,1,1,1,1,1,1,1,1,1
99800,6,6,5,5,5,5,5,1,1,1,1,1,1,1,1,1,1,1,1,1,1
99900,6,6,5,5,5,5,5,1,1,1,1,1,1,1,1,1,1,1,1,1,1
100000,6,6,5,5,5,5,5,1,1,1,1,1,1,1,1,1,1,1,1,1,1
